Simulation,Policy,nPublic,nPrivate,nCar,PatientProb,nPatient,nPublicSaved,nPrivateSaved,nCarSaved,nTotalSaved,nDead,nAlive,PublicCost,PrivateCost,TotalCost,DeathRate
SIMUL,1,4,1,10,0.05,266,264,0,1,265,0,1,20000,0,20000,0
SIMUL,1,4,1,10,0.05,258,255,0,3,258,0,0,20000,0,20000,0
SIMUL,1,4,1,10,0.05,272,268,0,2,270,0,2,20000,0,20000,0
SIMUL,1,4,1,10,0.05,258,253,0,3,256,0,2,20000,0,20000,0
SIMUL,1,4,1,10,0.05,244,241,0,2,243,0,1,20000,0,20000,0
SIMUL,1,4,1,10,0.05,265,262,0,3,265,0,0,20000,0,20000,0
SIMUL,1,4,1,10,0.05,261,256,1,3,260,0,1,20000,50,20050,0
SIMUL,1,4,1,10,0.05,232,231,0,1,232,0,0,20000,0,20000,0
SIMUL,1,4,1,10,0.05,237,235,0,0,235,0,2,20000,0,20000,0
SIMUL,1,4,1,10,0.05,275,272,1,1,274,0,1,20000,50,20050,0
SIMUL,1,4,1,10,0.05,232,231,0,1,232,0,0,20000,0,20000,0
SIMUL,1,4,1,10,0.05,250,247,0,2,249,0,1,20000,0,20000,0
SIMUL,1,4,1,10,0.05,252,246,1,4,251,0,1,20000,50,20050,0
SIMUL,1,4,1,10,0.05,253,249,0,3,252,0,1,20000,0,20000,0
SIMUL,1,4,1,10,0.05,210,210,0,0,210,0,0,20000,0,20000,0
SIMUL,1,4,1,10,0.05,253,252,1,0,253,0,0,20000,50,20050,0
SIMUL,1,4,1,10,0.05,240,237,0,3,240,0,0,20000,0,20000,0
SIMUL,1,4,1,10,0.05,242,238,0,3,241,0,1,20000,0,20000,0
SIMUL,1,4,1,10,0.05,241,235,0,4,239,0,2,20000,0,20000,0
SIMUL,1,4,1,10,0.05,252,249,0,3,252,0,0,20000,0,20000,0
SIMUL,1,4,1,10,0.05,283,272,2,7,281,0,2,20000,100,20100,0
SIMUL,1,4,1,10,0.05,254,253,0,0,253,0,1,20000,0,20000,0
SIMUL,1,4,1,10,0.05,281,278,0,2,280,0,1,20000,0,20000,0
SIMUL,1,4,1,10,0.05,236,235,0,1,236,0,0,20000,0,20000,0
SIMUL,1,4,1,10,0.05,237,231,2,3,236,0,1,20000,100,20100,0
SIMUL,1,4,1,10,0.1,492,453,2,32,487,0,5,20000,100,20100,0
SIMUL,1,4,1,10,0.1,547,504,4,37,545,0,2,20000,200,20200,0
SIMUL,1,4,1,10,0.1,474,447,3,22,472,0,2,20000,150,20150,0
SIMUL,1,4,1,10,0.1,512,469,5,35,509,0,3,20000,250,20250,0
SIMUL,1,4,1,10,0.1,491,455,5,29,489,0,2,20000,250,20250,0
SIMUL,1,4,1,10,0.1,475,454,2,14,470,0,5,20000,100,20100,0
SIMUL,1,4,1,10,0.1,522,474,9,35,518,0,4,20000,450,20450,0
SIMUL,1,4,1,10,0.1,541,471,11,51,533,0,8,20000,600,20600,0
SIMUL,1,4,1,10,0.1,451,432,0,16,448,0,3,20000,0,20000,0
SIMUL,1,4,1,10,0.1,497,464,5,27,496,0,1,20000,250,20250,0
SIMUL,1,4,1,10,0.1,486,452,3,28,483,0,3,20000,150,20150,0
SIMUL,1,4,1,10,0.1,492,447,7,37,491,0,1,20000,350,20350,0
SIMUL,1,4,1,10,0.1,498,457,2,37,496,0,2,20000,100,20100,0
SIMUL,1,4,1,10,0.1,505,457,6,40,503,0,2,20000,300,20300,0
SIMUL,1,4,1,10,0.1,497,464,5,27,496,0,1,20000,250,20250,0
SIMUL,1,4,1,10,0.1,447,423,3,16,442,0,5,20000,150,20150,0
SIMUL,1,4,1,10,0.1,476,436,6,32,474,0,2,20000,300,20300,0
SIMUL,1,4,1,10,0.1,503,465,3,30,498,0,5,20000,150,20150,0
SIMUL,1,4,1,10,0.1,498,452,8,35,495,0,3,20000,400,20400,0
SIMUL,1,4,1,10,0.1,477,431,5,37,473,0,4,20000,250,20250,0
SIMUL,1,4,1,10,0.1,488,441,8,35,484,0,4,20000,400,20400,0
SIMUL,1,4,1,10,0.1,508,476,3,25,504,0,4,20000,150,20150,0
SIMUL,1,4,1,10,0.1,518,475,9,33,517,0,1,20000,450,20450,0
SIMUL,1,4,1,10,0.1,494,462,1,29,492,0,2,20000,50,20050,0
SIMUL,1,4,1,10,0.1,496,464,6,24,494,0,2,20000,300,20300,0
SIMUL,1,4,1,10,0.15,746,597,28,115,740,0,6,20000,1400,21400,0
SIMUL,1,4,1,10,0.15,747,574,32,138,744,0,3,20000,1600,21600,0
SIMUL,1,4,1,10,0.15,735,597,20,109,726,0,9,20000,1050,21050,0
SIMUL,1,4,1,10,0.15,804,582,43,176,801,0,3,20000,2150,22150,0
SIMUL,1,4,1,10,0.15,735,594,24,114,732,0,3,20000,1200,21200,0
SIMUL,1,4,1,10,0.15,771,587,34,141,762,0,9,20000,1700,21700,0
SIMUL,1,4,1,10,0.15,790,639,17,128,784,0,6,20000,900,20900,0
SIMUL,1,4,1,10,0.15,745,559,42,141,742,0,3,20000,2100,22100,0
SIMUL,1,4,1,10,0.15,807,623,38,144,805,0,2,20000,1900,21900,0
SIMUL,1,4,1,10,0.15,775,602,23,143,768,0,7,20000,1200,21200,0
SIMUL,1,4,1,10,0.15,767,602,28,133,763,0,4,20000,1400,21400,0
SIMUL,1,4,1,10,0.15,749,589,33,126,748,0,1,20000,1700,21700,0
SIMUL,1,4,1,10,0.15,781,631,13,133,777,0,4,20000,650,20650,0
SIMUL,1,4,1,10,0.15,737,583,32,117,732,0,5,20000,1650,21650,0
SIMUL,1,4,1,10,0.15,735,580,28,123,731,0,4,20000,1400,21400,0
SIMUL,1,4,1,10,0.15,743,595,34,110,739,0,4,20000,1700,21700,0
SIMUL,1,4,1,10,0.15,749,613,24,112,749,0,0,20000,1200,21200,0
SIMUL,1,4,1,10,0.15,767,601,24,133,758,0,9,20000,1250,21250,0
SIMUL,1,4,1,10,0.15,704,580,24,100,704,0,0,20000,1200,21200,0
SIMUL,1,4,1,10,0.15,788,623,19,142,784,0,4,20000,950,20950,0
SIMUL,1,4,1,10,0.15,821,617,32,169,818,0,3,20000,1600,21600,0
SIMUL,1,4,1,10,0.15,725,593,21,110,724,0,1,20000,1050,21050,0
SIMUL,1,4,1,10,0.15,753,604,29,116,749,0,4,20000,1450,21450,0
SIMUL,1,4,1,10,0.15,761,586,42,127,755,0,6,20000,2100,22100,0
SIMUL,1,4,1,10,0.15,770,582,32,151,765,0,5,20000,1600,21600,0
SIMUL,1,4,1,10,0.2,955,647,62,236,945,0,10,20000,3150,23150,0
SIMUL,1,4,1,10,0.2,989,650,66,264,980,0,9,20000,3350,23350,0
SIMUL,1,4,1,10,0.2,1028,618,80,320,1018,0,10,20000,4000,24000,0
SIMUL,1,4,1,10,0.2,996,681,62,247,990,0,6,20000,3100,23100,0
SIMUL,1,4,1,10,0.2,998,670,58,261,989,0,9,20000,2950,22950,0
SIMUL,1,4,1,10,0.2,998,615,80,294,989,0,9,20000,4050,24050,0
SIMUL,1,4,1,10,0.2,955,656,53,234,943,0,12,20000,2700,22700,0
SIMUL,1,4,1,10,0.2,1010,617,86,298,1001,0,9,20000,4350,24350,0
SIMUL,1,4,1,10,0.2,978,664,67,241,972,0,6,20000,3350,23350,0
SIMUL,1,4,1,10,0.2,996,681,62,247,990,0,6,20000,3100,23100,0
SIMUL,1,4,1,10,0.2,966,637,74,247,958,0,8,20000,3700,23700,0
SIMUL,1,4,1,10,0.2,955,654,60,237,951,0,4,20000,3000,23000,0
SIMUL,1,4,1,10,0.2,1002,645,73,278,996,0,6,20000,3700,23700,0
SIMUL,1,4,1,10,0.2,979,620,78,274,972,0,7,20000,3950,23950,0
SIMUL,1,4,1,10,0.2,1011,630,77,297,1004,0,7,20000,3850,23850,0
SIMUL,1,4,1,10,0.2,999,658,64,266,988,0,11,20000,3250,23250,0
SIMUL,1,4,1,10,0.2,1036,643,79,305,1027,0,9,20000,3950,23950,0
SIMUL,1,4,1,10,0.2,994,641,63,283,987,0,7,20000,3150,23150,0
SIMUL,1,4,1,10,0.2,1044,658,87,290,1035,0,9,20000,4400,24400,0
SIMUL,1,4,1,10,0.2,1015,636,85,285,1006,0,9,20000,4250,24250,0
SIMUL,1,4,1,10,0.2,969,610,86,269,965,0,4,20000,4300,24300,0
SIMUL,1,4,1,10,0.2,984,675,55,250,980,0,4,20000,2750,22750,0
SIMUL,1,4,1,10,0.2,1033,652,80,293,1025,0,8,20000,4000,24000,0
SIMUL,1,4,1,10,0.2,970,684,46,229,959,0,11,20000,2350,22350,0
SIMUL,1,4,1,10,0.2,1030,670,75,278,1023,0,7,20000,3750,23750,0
SIMUL,1,4,1,10,0.25,1274,675,124,454,1253,0,21,20000,6250,26250,0
SIMUL,1,4,1,10,0.25,1241,662,113,460,1235,2,4,20000,5700,25700,0.001611604
SIMUL,1,4,1,10,0.25,1309,601,138,547,1286,12,11,20000,6950,26950,0.009167303
SIMUL,1,4,1,10,0.25,1252,647,129,464,1240,2,10,20000,6500,26500,0.001597444
SIMUL,1,4,1,10,0.25,1207,673,101,426,1200,0,7,20000,5050,25050,0
SIMUL,1,4,1,10,0.25,1291,654,123,500,1277,3,11,20000,6200,26200,0.00232378
SIMUL,1,4,1,10,0.25,1260,674,114,457,1245,0,15,20000,5750,25750,0
SIMUL,1,4,1,10,0.25,1235,630,117,475,1222,5,8,20000,5900,25900,0.004048583
SIMUL,1,4,1,10,0.25,1280,647,126,491,1264,3,13,20000,6350,26350,0.00234375
SIMUL,1,4,1,10,0.25,1269,670,117,470,1257,0,12,20000,5900,25900,0
SIMUL,1,4,1,10,0.25,1191,651,107,424,1182,1,8,20000,5400,25400,0.000839631
SIMUL,1,4,1,10,0.25,1234,666,102,450,1218,3,13,20000,5200,25200,0.002431118
SIMUL,1,4,1,10,0.25,1262,640,126,486,1252,1,9,20000,6350,26350,0.000792393
SIMUL,1,4,1,10,0.25,1257,628,114,498,1240,9,8,20000,5800,25800,0.007159905
SIMUL,1,4,1,10,0.25,1273,685,116,465,1266,2,5,20000,5850,25850,0.001571092
SIMUL,1,4,1,10,0.25,1274,633,112,509,1254,7,13,20000,5650,25650,0.005494505
SIMUL,1,4,1,10,0.25,1247,658,109,470,1237,1,9,20000,5500,25500,0.000801925
SIMUL,1,4,1,10,0.25,1245,674,111,444,1229,0,16,20000,5600,25600,0
SIMUL,1,4,1,10,0.25,1234,666,102,450,1218,3,13,20000,5200,25200,0.002431118
SIMUL,1,4,1,10,0.25,1273,629,133,505,1267,2,4,20000,6650,26650,0.001571092
SIMUL,1,4,1,10,0.25,1293,671,133,474,1278,0,15,20000,6700,26700,0
SIMUL,1,4,1,10,0.25,1250,621,134,485,1240,3,7,20000,6700,26700,0.0024
SIMUL,1,4,1,10,0.25,1225,653,115,443,1211,5,9,20000,5800,25800,0.004081633
SIMUL,1,4,1,10,0.25,1274,646,128,485,1259,4,11,20000,6450,26450,0.003139717
SIMUL,1,4,1,10,0.25,1241,650,118,459,1227,1,13,20000,5950,25950,0.000805802
SIMUL,1,4,1,10,0.3,1515,617,144,725,1486,16,13,20000,7350,27350,0.010561056
SIMUL,1,4,1,10,0.3,1574,617,148,760,1525,31,18,20000,7800,27800,0.019695044
SIMUL,1,4,1,10,0.3,1479,646,151,658,1455,10,14,20000,7800,27800,0.006761325
SIMUL,1,4,1,10,0.3,1477,640,140,663,1443,20,14,20000,7250,27250,0.013540961
SIMUL,1,4,1,10,0.3,1492,654,141,675,1470,12,10,20000,7250,27250,0.008042895
SIMUL,1,4,1,10,0.3,1461,653,145,635,1433,16,12,20000,7350,27350,0.010951403
SIMUL,1,4,1,10,0.3,1534,604,142,740,1486,31,17,20000,7400,27400,0.020208605
SIMUL,1,4,1,10,0.3,1508,610,141,731,1482,16,10,20000,7350,27350,0.01061008
SIMUL,1,4,1,10,0.3,1518,646,159,689,1494,10,14,20000,8150,28150,0.006587615
SIMUL,1,4,1,10,0.3,1497,626,146,695,1467,20,10,20000,7550,27550,0.013360053
SIMUL,1,4,1,10,0.3,1520,616,137,710,1463,38,19,20000,7350,27350,0.025
SIMUL,1,4,1,10,0.3,1494,668,146,656,1470,8,16,20000,7500,27500,0.005354752
SIMUL,1,4,1,10,0.3,1524,640,152,691,1483,23,18,20000,7800,27800,0.015091864
SIMUL,1,4,1,10,0.3,1473,633,149,656,1438,13,22,20000,7600,27600,0.008825526
SIMUL,1,4,1,10,0.3,1477,616,143,680,1439,18,20,20000,7350,27350,0.012186865
SIMUL,1,4,1,10,0.3,1531,641,145,704,1490,24,17,20000,7550,27550,0.015676029
SIMUL,1,4,1,10,0.3,1476,610,140,666,1416,35,25,20000,7400,27400,0.023712737
SIMUL,1,4,1,10,0.3,1508,633,140,682,1455,33,20,20000,7400,27400,0.021883289
SIMUL,1,4,1,10,0.3,1532,609,145,731,1485,33,14,20000,7600,27600,0.02154047
SIMUL,1,4,1,10,0.3,1483,613,143,686,1442,25,16,20000,7350,27350,0.016857721
SIMUL,1,4,1,10,0.3,1540,611,125,744,1480,42,18,20000,6900,26900,0.027272727
SIMUL,1,4,1,10,0.3,1488,630,149,685,1464,12,12,20000,7600,27600,0.008064516
SIMUL,1,4,1,10,0.3,1490,631,145,680,1456,21,13,20000,7450,27450,0.01409396
SIMUL,1,4,1,10,0.3,1497,602,143,721,1466,22,9,20000,7250,27250,0.014696059
SIMUL,1,4,1,10,0.3,1477,650,140,661,1451,17,9,20000,7200,27200,0.011509817
SIMUL,1,4,1,10,0.35,1773,576,139,927,1642,109,22,20000,8050,28050,0.061477721
SIMUL,1,4,1,10,0.35,1814,607,150,945,1702,95,17,20000,8450,28450,0.052370452
SIMUL,1,4,1,10,0.35,1757,534,135,922,1591,144,22,20000,8350,28350,0.081957883
SIMUL,1,4,1,10,0.35,1748,564,137,910,1611,116,21,20000,8050,28050,0.066361556
SIMUL,1,4,1,10,0.35,1711,578,141,897,1616,80,15,20000,7700,27700,0.046756283
SIMUL,1,4,1,10,0.35,1747,628,142,884,1654,70,23,20000,7900,27900,0.040068689
SIMUL,1,4,1,10,0.35,1761,584,137,953,1674,75,12,20000,7550,27550,0.042589438
SIMUL,1,4,1,10,0.35,1729,603,148,882,1633,74,22,20000,8150,28150,0.042799306
SIMUL,1,4,1,10,0.35,1808,600,144,960,1704,86,18,20000,8250,28250,0.047566372
SIMUL,1,4,1,10,0.35,1726,621,148,883,1652,59,15,20000,8200,28200,0.034183082
SIMUL,1,4,1,10,0.35,1802,560,146,950,1656,129,17,20000,8750,28750,0.071587125
SIMUL,1,4,1,10,0.35,1726,567,143,891,1601,112,13,20000,8150,28150,0.064889919
SIMUL,1,4,1,10,0.35,1738,559,143,892,1594,124,20,20000,8550,28550,0.071346375
SIMUL,1,4,1,10,0.35,1783,557,130,934,1621,143,19,20000,7950,27950,0.080201907
SIMUL,1,4,1,10,0.35,1776,572,138,946,1656,104,16,20000,7950,27950,0.058558559
SIMUL,1,4,1,10,0.35,1758,628,153,898,1679,46,33,20000,8200,28200,0.026166098
SIMUL,1,4,1,10,0.35,1722,635,152,867,1654,45,23,20000,8150,28150,0.026132404
SIMUL,1,4,1,10,0.35,1741,565,133,920,1618,102,21,20000,7800,27800,0.058587019
SIMUL,1,4,1,10,0.35,1775,592,146,915,1653,102,20,20000,8450,28450,0.057464789
SIMUL,1,4,1,10,0.35,1791,573,154,956,1683,85,23,20000,8500,28500,0.04745952
SIMUL,1,4,1,10,0.35,1720,619,148,881,1648,53,19,20000,7950,27950,0.030813953
SIMUL,1,4,1,10,0.35,1752,626,145,899,1670,74,8,20000,8150,28150,0.042237443
SIMUL,1,4,1,10,0.35,1743,579,151,920,1650,80,13,20000,8250,28250,0.045897877
SIMUL,1,4,1,10,0.35,1761,588,141,926,1655,90,16,20000,8200,28200,0.051107325
SIMUL,1,4,1,10,0.35,1790,560,140,941,1641,130,19,20000,8250,28250,0.072625698
SIMUL,1,4,1,10,0.4,2005,511,117,1130,1758,228,19,20000,8650,28650,0.113715711
SIMUL,1,4,1,10,0.4,1986,553,136,1078,1767,193,26,20000,8900,28900,0.097180262
SIMUL,1,4,1,10,0.4,1956,574,141,1084,1799,141,16,20000,8750,28750,0.07208589
SIMUL,1,4,1,10,0.4,1943,550,133,1054,1737,183,23,20000,8650,28650,0.094184251
SIMUL,1,4,1,10,0.4,1979,486,109,1053,1648,302,29,20000,8550,28550,0.152602324
SIMUL,1,4,1,10,0.4,2009,506,117,1090,1713,270,26,20000,8800,28800,0.134395222
SIMUL,1,4,1,10,0.4,1973,547,136,1087,1770,184,19,20000,8800,28800,0.093258996
SIMUL,1,4,1,10,0.4,1951,550,137,1066,1753,183,15,20000,8400,28400,0.093798052
SIMUL,1,4,1,10,0.4,2004,520,124,1108,1752,230,22,20000,8600,28600,0.114770459
SIMUL,1,4,1,10,0.4,2008,483,122,1119,1724,258,26,20000,8800,28800,0.128486056
SIMUL,1,4,1,10,0.4,2045,472,110,1124,1706,309,30,20000,8700,28700,0.151100244
SIMUL,1,4,1,10,0.4,1946,517,133,1060,1710,211,25,20000,8900,28900,0.108427544
SIMUL,1,4,1,10,0.4,2043,486,115,1149,1750,267,26,20000,8650,28650,0.130690162
SIMUL,1,4,1,10,0.4,1985,544,145,1111,1800,170,15,20000,8700,28700,0.085642317
SIMUL,1,4,1,10,0.4,2019,540,139,1114,1793,209,17,20000,9100,29100,0.103516592
SIMUL,1,4,1,10,0.4,2076,493,114,1145,1752,294,30,20000,8850,28850,0.141618497
SIMUL,1,4,1,10,0.4,1937,589,143,1059,1791,123,23,20000,8450,28450,0.063500258
SIMUL,1,4,1,10,0.4,1971,530,133,1091,1754,192,25,20000,8550,28550,0.097412481
SIMUL,1,4,1,10,0.4,1968,500,114,1068,1682,257,29,20000,8450,28450,0.130589431
SIMUL,1,4,1,10,0.4,2005,494,124,1110,1728,265,12,20000,8900,28900,0.132169576
SIMUL,1,4,1,10,0.4,2000,494,124,1097,1715,255,30,20000,8650,28650,0.1275
SIMUL,1,4,1,10,0.4,2014,531,141,1102,1774,214,26,20000,9100,29100,0.106256207
SIMUL,1,4,1,10,0.4,1999,541,143,1123,1807,169,23,20000,8950,28950,0.084542271
SIMUL,1,4,1,10,0.4,2039,475,118,1121,1714,301,24,20000,8950,28950,0.147621383
SIMUL,1,4,1,10,0.4,1997,542,145,1114,1801,175,21,20000,8850,28850,0.087631447
SIMUL,1,4,1,10,0.45,2255,485,105,1261,1851,387,17,20000,9650,29650,0.171618625
SIMUL,1,4,1,10,0.45,2263,393,101,1260,1754,488,21,20000,10000,30000,0.215642952
SIMUL,1,4,1,10,0.45,2263,458,115,1293,1866,376,21,20000,9600,29600,0.166151127
SIMUL,1,4,1,10,0.45,2257,521,120,1294,1935,300,22,20000,9250,29250,0.132919805
SIMUL,1,4,1,10,0.45,2182,474,128,1232,1834,323,25,20000,9450,29450,0.148029331
SIMUL,1,4,1,10,0.45,2229,506,113,1266,1885,326,18,20000,9150,29150,0.146253926
SIMUL,1,4,1,10,0.45,2200,444,110,1229,1783,391,26,20000,9650,29650,0.177727273
SIMUL,1,4,1,10,0.45,2265,433,107,1259,1799,439,27,20000,9800,29800,0.193818985
SIMUL,1,4,1,10,0.45,2258,515,118,1283,1916,311,31,20000,9350,29350,0.137732507
SIMUL,1,4,1,10,0.45,2225,511,128,1262,1901,293,31,20000,9600,29600,0.131685393
SIMUL,1,4,1,10,0.45,2307,455,122,1290,1867,414,26,20000,10300,30300,0.179453836
SIMUL,1,4,1,10,0.45,2238,457,110,1280,1847,365,26,20000,9400,29400,0.163092046
SIMUL,1,4,1,10,0.45,2267,475,133,1286,1894,336,37,20000,10000,30000,0.148213498
SIMUL,1,4,1,10,0.45,2251,476,120,1292,1888,334,29,20000,9300,29300,0.148378498
SIMUL,1,4,1,10,0.45,2271,467,131,1273,1871,366,34,20000,10000,30000,0.161162483
SIMUL,1,4,1,10,0.45,2258,420,107,1289,1816,421,21,20000,9300,29300,0.186448184
SIMUL,1,4,1,10,0.45,2284,427,108,1270,1805,447,32,20000,9850,29850,0.195709282
SIMUL,1,4,1,10,0.45,2267,395,107,1263,1765,471,31,20000,10250,30250,0.207763564
SIMUL,1,4,1,10,0.45,2278,437,103,1255,1795,450,33,20000,9750,29750,0.197541703
SIMUL,1,4,1,10,0.45,2207,473,117,1259,1849,337,21,20000,9350,29350,0.152695967
SIMUL,1,4,1,10,0.45,2277,471,104,1326,1901,350,26,20000,9250,29250,0.153711023
SIMUL,1,4,1,10,0.45,2209,447,124,1262,1833,353,23,20000,9550,29550,0.159800815
SIMUL,1,4,1,10,0.45,2271,441,111,1269,1821,426,24,20000,9700,29700,0.187582563
SIMUL,1,4,1,10,0.45,2223,457,112,1269,1838,357,28,20000,9350,29350,0.160593792
SIMUL,1,4,1,10,0.45,2237,480,113,1269,1862,346,29,20000,9600,29600,0.154671435
SIMUL,1,4,1,10,0.5,2527,447,108,1428,1983,509,35,20000,10450,30450,0.201424614
SIMUL,1,4,1,10,0.5,2444,457,108,1443,2008,408,28,20000,9500,29500,0.166939444
SIMUL,1,4,1,10,0.5,2530,424,100,1427,1951,541,38,20000,10550,30550,0.213833992
SIMUL,1,4,1,10,0.5,2566,374,97,1502,1973,567,26,20000,10900,30900,0.220966485
SIMUL,1,4,1,10,0.5,2430,386,91,1344,1821,574,35,20000,10550,30550,0.236213992
SIMUL,1,4,1,10,0.5,2556,326,94,1423,1843,673,40,20000,11200,31200,0.263302034
SIMUL,1,4,1,10,0.5,2543,403,100,1425,1928,587,28,20000,10850,30850,0.230829729
SIMUL,1,4,1,10,0.5,2547,353,93,1403,1849,661,37,20000,11150,31150,0.259521005
SIMUL,1,4,1,10,0.5,2557,346,92,1484,1922,603,32,20000,10650,30650,0.23582323
SIMUL,1,4,1,10,0.5,2515,418,108,1428,1954,535,26,20000,10950,30950,0.212723658
SIMUL,1,4,1,10,0.5,2479,424,95,1365,1884,565,30,20000,10400,30400,0.227914482
SIMUL,1,4,1,10,0.5,2514,396,87,1426,1909,574,31,20000,10200,30200,0.2283214
SIMUL,1,4,1,10,0.5,2529,382,85,1431,1898,596,35,20000,10400,30400,0.235666271
SIMUL,1,4,1,10,0.5,2492,341,73,1337,1751,706,35,20000,11300,31300,0.283306581
SIMUL,1,4,1,10,0.5,2502,360,82,1392,1834,627,41,20000,10450,30450,0.25059952
SIMUL,1,4,1,10,0.5,2538,421,103,1482,2006,499,33,20000,10350,30350,0.196611505
SIMUL,1,4,1,10,0.5,2540,454,104,1475,2033,467,40,20000,10050,30050,0.183858268
SIMUL,1,4,1,10,0.5,2487,393,103,1396,1892,564,31,20000,10700,30700,0.226779252
SIMUL,1,4,1,10,0.5,2469,403,100,1390,1893,548,28,20000,10400,30400,0.221952207
SIMUL,1,4,1,10,0.5,2502,393,107,1436,1936,533,33,20000,10500,30500,0.213029576
SIMUL,1,4,1,10,0.5,2533,363,91,1396,1850,656,27,20000,11200,31200,0.258981445
SIMUL,1,4,1,10,0.5,2540,454,104,1475,2033,467,40,20000,10050,30050,0.183858268
SIMUL,1,4,1,10,0.5,2481,354,101,1391,1846,594,41,20000,10800,30800,0.239419589
SIMUL,1,4,1,10,0.5,2524,380,76,1387,1843,653,28,20000,10900,30900,0.258716323
SIMUL,1,4,1,10,0.5,2482,397,112,1407,1916,539,27,20000,10800,30800,0.217163578
SIMUL,1,4,1,10,0.55,2784,307,75,1509,1891,851,42,20000,12500,32500,0.305675287
SIMUL,1,4,1,10,0.55,2787,303,69,1492,1864,882,41,20000,12350,32350,0.316469322
SIMUL,1,4,1,10,0.55,2756,388,90,1522,2000,721,35,20000,12200,32200,0.26161103
SIMUL,1,4,1,10,0.55,2743,350,85,1476,1911,795,37,20000,12450,32450,0.289828655
SIMUL,1,4,1,10,0.55,2719,333,81,1469,1883,790,46,20000,11950,31950,0.290547996
SIMUL,1,4,1,10,0.55,2871,316,82,1579,1977,854,40,20000,12450,32450,0.297457332
SIMUL,1,4,1,10,0.55,2715,332,82,1479,1893,783,39,20000,12000,32000,0.28839779
SIMUL,1,4,1,10,0.55,2753,358,94,1561,2013,705,35,20000,11700,31700,0.256084272
SIMUL,1,4,1,10,0.55,2742,322,83,1524,1929,778,35,20000,11900,31900,0.2837345
SIMUL,1,4,1,10,0.55,2716,343,96,1511,1950,733,33,20000,11900,31900,0.26988218
SIMUL,1,4,1,10,0.55,2729,324,74,1533,1931,766,32,20000,12050,32050,0.280688897
SIMUL,1,4,1,10,0.55,2776,327,74,1471,1872,859,45,20000,12500,32500,0.30943804
SIMUL,1,4,1,10,0.55,2766,298,75,1498,1871,850,45,20000,12100,32100,0.307302965
SIMUL,1,4,1,10,0.55,2730,325,82,1505,1912,778,40,20000,12150,32150,0.284981685
SIMUL,1,4,1,10,0.55,2717,347,90,1488,1925,760,32,20000,12700,32700,0.27972028
SIMUL,1,4,1,10,0.55,2787,323,69,1571,1963,794,30,20000,12400,32400,0.284894151
SIMUL,1,4,1,10,0.55,2805,314,76,1542,1932,840,33,20000,12400,32400,0.299465241
SIMUL,1,4,1,10,0.55,2813,347,75,1571,1993,777,43,20000,11500,31500,0.276217561
SIMUL,1,4,1,10,0.55,2690,380,87,1548,2015,643,32,20000,10950,30950,0.239033457
SIMUL,1,4,1,10,0.55,2761,345,88,1579,2012,707,42,20000,11550,31550,0.256066643
SIMUL,1,4,1,10,0.55,2672,365,91,1480,1936,704,32,20000,11450,31450,0.263473054
SIMUL,1,4,1,10,0.55,2777,338,69,1506,1913,822,42,20000,12400,32400,0.296002881
SIMUL,1,4,1,10,0.55,2795,393,84,1621,2098,665,32,20000,11200,31200,0.237924866
SIMUL,1,4,1,10,0.55,2739,361,78,1542,1981,736,22,20000,11700,31700,0.268711208
SIMUL,1,4,1,10,0.55,2750,373,100,1595,2068,647,35,20000,11350,31350,0.235272727
SIMUL,1,4,1,10,0.6,2946,330,74,1670,2074,834,38,20000,12250,32250,0.283095723
SIMUL,1,4,1,10,0.6,2997,311,63,1622,1996,960,41,20000,13800,33800,0.32032032
SIMUL,1,4,1,10,0.6,3040,322,69,1668,2059,932,49,20000,13300,33300,0.306578947
SIMUL,1,4,1,10,0.6,3015,279,60,1634,1973,1002,40,20000,13800,33800,0.332338308
SIMUL,1,4,1,10,0.6,3035,286,76,1636,1998,992,45,20000,13300,33300,0.326853377
SIMUL,1,4,1,10,0.6,3036,307,82,1632,2021,970,45,20000,13700,33700,0.319499341
SIMUL,1,4,1,10,0.6,3000,303,74,1639,2016,943,41,20000,13100,33100,0.314333333
SIMUL,1,4,1,10,0.6,2986,306,81,1657,2044,902,40,20000,12600,32600,0.302076356
SIMUL,1,4,1,10,0.6,3016,300,80,1673,2053,934,29,20000,13500,33500,0.309681698
SIMUL,1,4,1,10,0.6,2981,299,72,1644,2015,926,40,20000,12800,32800,0.310634015
SIMUL,1,4,1,10,0.6,2948,277,63,1618,1958,952,38,20000,13050,33050,0.322930801
SIMUL,1,4,1,10,0.6,3035,269,60,1651,1980,1009,46,20000,13350,33350,0.332454695
SIMUL,1,4,1,10,0.6,2945,287,65,1603,1955,949,41,20000,12950,32950,0.322241087
SIMUL,1,4,1,10,0.6,2945,292,73,1632,1997,901,47,20000,12750,32750,0.305942275
SIMUL,1,4,1,10,0.6,3016,302,75,1683,2060,912,44,20000,12900,32900,0.302387268
SIMUL,1,4,1,10,0.6,2999,299,72,1668,2039,916,44,20000,13100,33100,0.305435145
SIMUL,1,4,1,10,0.6,3021,333,71,1684,2088,902,31,20000,13200,33200,0.29857663
SIMUL,1,4,1,10,0.6,2988,301,73,1651,2025,917,46,20000,13100,33100,0.306894244
SIMUL,1,4,1,10,0.6,2998,287,61,1634,1982,982,34,20000,13300,33300,0.327551701
SIMUL,1,4,1,10,0.6,3038,266,56,1584,1906,1086,46,20000,13700,33700,0.357472021
SIMUL,1,4,1,10,0.6,3023,318,82,1613,2013,974,36,20000,13650,33650,0.322196494
SIMUL,1,4,1,10,0.6,3092,260,63,1630,1953,1099,40,20000,14550,34550,0.355433376
SIMUL,1,4,1,10,0.6,3001,317,70,1659,2046,909,46,20000,12950,32950,0.302899034
SIMUL,1,4,1,10,0.6,2970,320,88,1658,2066,869,35,20000,12600,32600,0.292592593
SIMUL,1,4,1,10,0.6,2930,295,72,1634,2001,888,41,20000,12500,32500,0.303071672
SIMUL,1,4,1,10,0.65,3227,265,65,1780,2110,1080,37,20000,13750,33750,0.33467617
SIMUL,1,4,1,10,0.65,3329,253,62,1776,2091,1195,43,20000,14800,34800,0.358966657
SIMUL,1,4,1,10,0.65,3296,268,57,1692,2017,1237,42,20000,15400,35400,0.375303398
SIMUL,1,4,1,10,0.65,3187,249,72,1697,2018,1125,44,20000,14550,34550,0.352996548
SIMUL,1,4,1,10,0.65,3244,289,75,1752,2116,1078,50,20000,14050,34050,0.332305795
SIMUL,1,4,1,10,0.65,3238,261,69,1667,1997,1196,45,20000,15600,35600,0.369363805
SIMUL,1,4,1,10,0.65,3217,251,66,1724,2041,1127,49,20000,14800,34800,0.350326391
SIMUL,1,4,1,10,0.65,3204,293,69,1739,2101,1048,55,20000,13550,33550,0.327091136
SIMUL,1,4,1,10,0.65,3205,272,72,1731,2075,1086,44,20000,14550,34550,0.338845554
SIMUL,1,4,1,10,0.65,3302,307,46,1763,2116,1135,51,20000,14700,34700,0.343731072
SIMUL,1,4,1,10,0.65,3243,272,62,1721,2055,1141,47,20000,14750,34750,0.351834721
SIMUL,1,4,1,10,0.65,3205,280,56,1743,2079,1077,49,20000,13800,33800,0.336037441
SIMUL,1,4,1,10,0.65,3248,264,58,1787,2109,1087,52,20000,14350,34350,0.334667488
SIMUL,1,4,1,10,0.65,3262,259,68,1808,2135,1089,38,20000,14400,34400,0.333844267
SIMUL,1,4,1,10,0.65,3271,272,69,1733,2074,1159,38,20000,15050,35050,0.354325894
SIMUL,1,4,1,10,0.65,3287,273,55,1769,2097,1148,42,20000,14550,34550,0.349254639
SIMUL,1,4,1,10,0.65,3283,306,65,1753,2124,1108,51,20000,14650,34650,0.337496193
SIMUL,1,4,1,10,0.65,3267,291,76,1734,2101,1123,43,20000,15150,35150,0.343740435
SIMUL,1,4,1,10,0.65,3273,287,66,1808,2161,1063,49,20000,14400,34400,0.324778491
SIMUL,1,4,1,10,0.65,3280,229,55,1726,2010,1222,48,20000,14750,34750,0.372560976
SIMUL,1,4,1,10,0.65,3230,295,69,1723,2087,1109,34,20000,15200,35200,0.343343653
SIMUL,1,4,1,10,0.65,3291,240,54,1701,1995,1247,49,20000,14950,34950,0.378912185
SIMUL,1,4,1,10,0.65,3257,256,61,1737,2054,1159,44,20000,14450,34450,0.355848941
SIMUL,1,4,1,10,0.65,3219,300,75,1773,2148,1028,43,20000,14300,34300,0.319353837
SIMUL,1,4,1,10,0.65,3258,258,63,1708,2029,1181,48,20000,15200,35200,0.362492327
SIMUL,1,4,1,10,0.7,3461,248,64,1817,2129,1283,49,20000,15750,35750,0.370702109
SIMUL,1,4,1,10,0.7,3464,268,65,1830,2163,1250,51,20000,15750,35750,0.360854503
SIMUL,1,4,1,10,0.7,3502,253,52,1815,2120,1331,51,20000,16150,36150,0.380068532
SIMUL,1,4,1,10,0.7,3484,246,69,1813,2128,1310,46,20000,16500,36500,0.376004592
SIMUL,1,4,1,10,0.7,3485,256,61,1809,2126,1304,55,20000,15550,35550,0.374175036
SIMUL,1,4,1,10,0.7,3505,235,60,1838,2133,1323,49,20000,16250,36250,0.37746077
SIMUL,1,4,1,10,0.7,3526,233,74,1913,2220,1255,51,20000,15650,35650,0.355927396
SIMUL,1,4,1,10,0.7,3492,253,56,1912,2221,1226,45,20000,15600,35600,0.351088202
SIMUL,1,4,1,10,0.7,3519,245,65,1897,2207,1264,48,20000,15200,35200,0.359192953
SIMUL,1,4,1,10,0.7,3527,213,47,1872,2132,1348,47,20000,15900,35900,0.3821945
SIMUL,1,4,1,10,0.7,3506,244,58,1839,2141,1312,53,20000,15850,35850,0.37421563
SIMUL,1,4,1,10,0.7,3491,245,53,1916,2214,1227,50,20000,14750,34750,0.351475222
SIMUL,1,4,1,10,0.7,3501,229,57,1826,2112,1336,53,20000,16700,36700,0.381605256
SIMUL,1,4,1,10,0.7,3462,238,67,1832,2137,1283,42,20000,15750,35750,0.370595032
SIMUL,1,4,1,10,0.7,3556,218,61,1848,2127,1382,47,20000,15750,35750,0.38863892
SIMUL,1,4,1,10,0.7,3435,248,62,1849,2159,1241,35,20000,15300,35300,0.361280932
SIMUL,1,4,1,10,0.7,3525,216,55,1812,2083,1393,49,20000,16400,36400,0.395177305
SIMUL,1,4,1,10,0.7,3479,251,69,1792,2112,1319,48,20000,16150,36150,0.379131934
SIMUL,1,4,1,10,0.7,3510,255,51,1849,2155,1309,46,20000,16050,36050,0.372934473
SIMUL,1,4,1,10,0.7,3512,243,56,1832,2131,1331,50,20000,16400,36400,0.378986333
SIMUL,1,4,1,10,0.7,3502,213,50,1843,2106,1344,52,20000,16100,36100,0.383780697
SIMUL,1,4,1,10,0.7,3475,281,59,1933,2273,1150,52,20000,14850,34850,0.330935252
SIMUL,1,4,1,10,0.7,3436,263,61,1845,2169,1217,50,20000,15400,35400,0.35419092
SIMUL,1,4,1,10,0.7,3479,220,72,1756,2048,1378,53,20000,16550,36550,0.396090831
SIMUL,1,4,1,10,0.7,3487,235,44,1833,2112,1316,59,20000,15650,35650,0.377401778
SIMUL,1,4,1,10,0.75,3800,225,51,1901,2177,1570,53,20000,17600,37600,0.413157895
SIMUL,1,4,1,10,0.75,3744,249,68,1971,2288,1409,47,20000,16900,36900,0.37633547
SIMUL,1,4,1,10,0.75,3733,229,42,1900,2171,1499,63,20000,17200,37200,0.40155371
SIMUL,1,4,1,10,0.75,3755,233,72,1979,2284,1418,53,20000,16600,36600,0.377629827
SIMUL,1,4,1,10,0.75,3709,213,51,1958,2222,1426,61,20000,17100,37100,0.384470208
SIMUL,1,4,1,10,0.75,3742,213,45,1904,2162,1527,53,20000,17500,37500,0.408070551
SIMUL,1,4,1,10,0.75,3736,222,49,1924,2195,1490,51,20000,17000,37000,0.39882227
SIMUL,1,4,1,10,0.75,3747,216,49,1845,2110,1587,50,20000,17600,37600,0.423538831
SIMUL,1,4,1,10,0.75,3719,215,53,1918,2186,1482,51,20000,16650,36650,0.398494219
SIMUL,1,4,1,10,0.75,3735,244,61,2082,2387,1300,48,20000,16000,36000,0.348058902
SIMUL,1,4,1,10,0.75,3794,237,55,1923,2215,1531,48,20000,17950,37950,0.403531892
SIMUL,1,4,1,10,0.75,3782,227,44,1919,2190,1541,51,20000,17450,37450,0.407456372
SIMUL,1,4,1,10,0.75,3744,215,64,1931,2210,1481,53,20000,17350,37350,0.395566239
SIMUL,1,4,1,10,0.75,3753,210,51,1934,2195,1504,54,20000,17400,37400,0.40074607
SIMUL,1,4,1,10,0.75,3803,241,51,2068,2360,1400,43,20000,16800,36800,0.368130423
SIMUL,1,4,1,10,0.75,3787,249,59,1995,2303,1432,52,20000,16850,36850,0.378135727
SIMUL,1,4,1,10,0.75,3743,202,43,1784,2029,1659,55,20000,18550,38550,0.443227358
SIMUL,1,4,1,10,0.75,3735,244,61,2082,2387,1300,48,20000,16000,36000,0.348058902
SIMUL,1,4,1,10,0.75,3753,217,59,1862,2138,1564,51,20000,18250,38250,0.41673328
SIMUL,1,4,1,10,0.75,3719,205,55,1884,2144,1525,50,20000,17100,37100,0.410056467
SIMUL,1,4,1,10,0.75,3737,240,51,1958,2249,1436,52,20000,17650,37650,0.384265454
SIMUL,1,4,1,10,0.75,3721,217,59,1847,2123,1546,52,20000,17900,37900,0.41547971
SIMUL,1,4,1,10,0.75,3751,233,48,1917,2198,1500,53,20000,18550,38550,0.399893362
SIMUL,1,4,1,10,0.75,3716,237,54,1923,2214,1449,53,20000,17150,37150,0.389935414
SIMUL,1,4,1,10,0.75,3718,218,44,1891,2153,1519,46,20000,17350,37350,0.408552985
SIMUL,1,4,1,10,0.8,3963,201,43,1960,2204,1696,63,20000,19050,39050,0.427958617
SIMUL,1,4,1,10,0.8,4026,202,48,1959,2209,1754,63,20000,19550,39550,0.435668157
SIMUL,1,4,1,10,0.8,3966,171,43,1888,2102,1801,63,20000,19450,39450,0.454109934
SIMUL,1,4,1,10,0.8,4017,180,42,1961,2183,1775,59,20000,19400,39400,0.441872044
SIMUL,1,4,1,10,0.8,4036,198,40,2024,2262,1723,51,20000,19000,39000,0.42690783
SIMUL,1,4,1,10,0.8,3987,185,55,1987,2227,1707,53,20000,18700,38700,0.42814146
SIMUL,1,4,1,10,0.8,3994,176,33,1917,2126,1804,64,20000,19350,39350,0.451677516
SIMUL,1,4,1,10,0.8,4042,177,38,1972,2187,1803,52,20000,19500,39500,0.446066304
SIMUL,1,4,1,10,0.8,3936,206,53,2030,2289,1595,52,20000,17900,37900,0.40523374
SIMUL,1,4,1,10,0.8,3981,219,58,2053,2330,1594,57,20000,17500,37500,0.400401909
SIMUL,1,4,1,10,0.8,4013,194,63,2004,2261,1699,53,20000,18700,38700,0.423374034
SIMUL,1,4,1,10,0.8,3976,178,36,1957,2171,1747,58,20000,19050,39050,0.439386318
SIMUL,1,4,1,10,0.8,4020,188,46,2031,2265,1693,62,20000,19050,39050,0.421144279
SIMUL,1,4,1,10,0.8,4030,188,54,2057,2299,1678,53,20000,18750,38750,0.416377171
SIMUL,1,4,1,10,0.8,4035,207,54,2050,2311,1676,48,20000,18750,38750,0.415365551
SIMUL,1,4,1,10,0.8,4017,196,45,2042,2283,1679,55,20000,19750,39750,0.417973612
SIMUL,1,4,1,10,0.8,3991,205,34,1976,2215,1712,64,20000,18650,38650,0.428965172
SIMUL,1,4,1,10,0.8,4023,191,49,2070,2310,1652,61,20000,18500,38500,0.410638827
SIMUL,1,4,1,10,0.8,3998,203,49,2035,2287,1651,60,20000,18000,38000,0.412956478
SIMUL,1,4,1,10,0.8,4009,178,40,1974,2192,1757,60,20000,18800,38800,0.438263906
SIMUL,1,4,1,10,0.8,4027,200,53,1963,2216,1754,57,20000,19350,39350,0.43555997
SIMUL,1,4,1,10,0.8,3994,208,61,2000,2269,1667,58,20000,18750,38750,0.417376064
SIMUL,1,4,1,10,0.8,4001,202,43,2030,2275,1660,66,20000,19100,39100,0.414896276
SIMUL,1,4,1,10,0.8,3986,209,51,2023,2283,1650,53,20000,19200,39200,0.413948821
SIMUL,1,4,1,10,0.8,4014,203,48,2013,2264,1695,55,20000,18800,38800,0.422272048
SIMUL,1,4,1,10,0.85,4295,154,29,2038,2221,2008,66,20000,19800,39800,0.467520373
SIMUL,1,4,1,10,0.85,4254,178,52,2055,2285,1913,56,20000,20050,40050,0.449694405
SIMUL,1,4,1,10,0.85,4235,227,45,2138,2410,1761,64,20000,20000,40000,0.415820543
SIMUL,1,4,1,10,0.85,4231,181,43,1984,2208,1957,66,20000,19950,39950,0.462538407
SIMUL,1,4,1,10,0.85,4218,182,41,2053,2276,1884,58,20000,20500,40500,0.446657183
SIMUL,1,4,1,10,0.85,4265,200,47,2048,2295,1904,66,20000,21150,41150,0.446424385
SIMUL,1,4,1,10,0.85,4243,216,37,2088,2341,1835,67,20000,19900,39900,0.432477021
SIMUL,1,4,1,10,0.85,4221,187,39,2006,2232,1926,63,20000,21150,41150,0.456289979
SIMUL,1,4,1,10,0.85,4268,170,38,2100,2308,1903,57,20000,19950,39950,0.445876289
SIMUL,1,4,1,10,0.85,4238,216,51,2153,2420,1771,47,20000,19650,39650,0.417885795
SIMUL,1,4,1,10,0.85,4206,154,36,2027,2217,1917,72,20000,19700,39700,0.455777461
SIMUL,1,4,1,10,0.85,4272,217,45,2159,2421,1786,65,20000,19650,39650,0.418071161
SIMUL,1,4,1,10,0.85,4267,165,41,2115,2321,1892,54,20000,20650,40650,0.443402859
SIMUL,1,4,1,10,0.85,4254,208,57,2133,2398,1790,66,20000,20000,40000,0.420780442
SIMUL,1,4,1,10,0.85,4252,186,38,2009,2233,1951,68,20000,20550,40550,0.458842897
SIMUL,1,4,1,10,0.85,4265,196,36,2077,2309,1887,69,20000,20000,40000,0.442438453
SIMUL,1,4,1,10,0.85,4219,190,51,2162,2403,1760,56,20000,19250,39250,0.417160465
SIMUL,1,4,1,10,0.85,4251,206,43,2175,2424,1770,57,20000,19350,39350,0.416372618
SIMUL,1,4,1,10,0.85,4253,187,50,2054,2291,1896,66,20000,19600,39600,0.445802963
SIMUL,1,4,1,10,0.85,4227,185,39,2061,2285,1884,58,20000,19500,39500,0.445706175
SIMUL,1,4,1,10,0.85,4251,174,45,2076,2295,1899,57,20000,20950,40950,0.446718419
SIMUL,1,4,1,10,0.85,4274,180,53,2118,2351,1868,55,20000,19750,39750,0.437061301
SIMUL,1,4,1,10,0.85,4260,192,41,2109,2342,1859,59,20000,20100,40100,0.436384977
SIMUL,1,4,1,10,0.85,4270,206,47,2132,2385,1809,76,20000,19850,39850,0.423653396
SIMUL,1,4,1,10,0.85,4251,195,45,2122,2362,1822,67,20000,19600,39600,0.428605034
SIMUL,1,4,1,10,0.9,4525,181,45,2110,2336,2114,75,20000,21950,41950,0.46718232
SIMUL,1,4,1,10,0.9,4510,161,44,2055,2260,2186,64,20000,22550,42550,0.484700665
SIMUL,1,4,1,10,0.9,4509,164,44,2201,2409,2032,68,20000,21150,41150,0.450654247
SIMUL,1,4,1,10,0.9,4501,204,47,2158,2409,2030,62,20000,20350,40350,0.451010886
SIMUL,1,4,1,10,0.9,4497,193,40,2185,2418,2004,75,20000,20950,40950,0.44563042
SIMUL,1,4,1,10,0.9,4499,196,45,2117,2358,2078,63,20000,21400,41400,0.461880418
SIMUL,1,4,1,10,0.9,4469,216,50,2184,2450,1952,67,20000,21000,41000,0.436786753
SIMUL,1,4,1,10,0.9,4511,182,51,2138,2371,2071,69,20000,22250,42250,0.459099978
SIMUL,1,4,1,10,0.9,4500,174,50,2244,2468,1968,64,20000,20750,40750,0.437333333
SIMUL,1,4,1,10,0.9,4465,163,33,2081,2277,2121,67,20000,20700,40700,0.475027996
SIMUL,1,4,1,10,0.9,4516,185,43,2121,2349,2096,71,20000,22600,42600,0.464127547
SIMUL,1,4,1,10,0.9,4502,179,41,2176,2396,2030,76,20000,20550,40550,0.450910706
SIMUL,1,4,1,10,0.9,4448,157,52,2168,2377,2007,64,20000,20850,40850,0.451214029
SIMUL,1,4,1,10,0.9,4495,164,29,2162,2355,2077,63,20000,22200,42200,0.462068966
SIMUL,1,4,1,10,0.9,4486,165,32,2074,2271,2148,67,20000,21200,41200,0.478823005
SIMUL,1,4,1,10,0.9,4491,154,32,2087,2273,2148,70,20000,21300,41300,0.478289913
SIMUL,1,4,1,10,0.9,4501,152,32,2114,2298,2124,79,20000,21000,41000,0.471895134
SIMUL,1,4,1,10,0.9,4546,172,49,2214,2435,2037,74,20000,21400,41400,0.44808623
SIMUL,1,4,1,10,0.9,4490,174,41,2204,2419,2003,68,20000,20600,40600,0.44610245
SIMUL,1,4,1,10,0.9,4481,173,32,2166,2371,2053,57,20000,20800,40800,0.458156661
SIMUL,1,4,1,10,0.9,4465,163,33,2081,2277,2121,67,20000,20700,40700,0.475027996
SIMUL,1,4,1,10,0.9,4516,176,26,2106,2308,2144,64,20000,21000,41000,0.474756422
SIMUL,1,4,1,10,0.9,4500,190,35,2085,2310,2113,77,20000,21650,41650,0.469555556
SIMUL,1,4,1,10,0.9,4507,177,46,2163,2386,2060,61,20000,21250,41250,0.457066785
SIMUL,1,4,1,10,0.9,4527,189,51,2301,2541,1918,68,20000,20700,40700,0.423680141
SIMUL,1,4,1,10,0.95,4726,145,41,2136,2322,2333,71,20000,22850,42850,0.493652137
SIMUL,1,4,1,10,0.95,4728,168,37,2315,2520,2147,61,20000,21300,41300,0.454103215
SIMUL,1,4,1,10,0.95,4763,150,34,2254,2438,2253,72,20000,22550,42550,0.473021205
SIMUL,1,4,1,10,0.95,4750,169,41,2280,2490,2191,69,20000,21800,41800,0.461263158
SIMUL,1,4,1,10,0.95,4764,169,41,2373,2583,2116,65,20000,20800,40800,0.444164568
SIMUL,1,4,1,10,0.95,4741,167,35,2254,2456,2217,68,20000,23350,43350,0.467622864
SIMUL,1,4,1,10,0.95,4731,153,41,2195,2389,2265,77,20000,22250,42250,0.478757134
SIMUL,1,4,1,10,0.95,4752,138,41,2125,2304,2373,75,20000,23450,43450,0.499368687
SIMUL,1,4,1,10,0.95,4756,166,36,2285,2487,2203,66,20000,22050,42050,0.463204373
SIMUL,1,4,1,10,0.95,4752,169,35,2173,2377,2311,64,20000,22900,42900,0.486321549
SIMUL,1,4,1,10,0.95,4753,150,37,2286,2473,2213,67,20000,22050,42050,0.465600673
SIMUL,1,4,1,10,0.95,4753,169,35,2313,2517,2166,70,20000,21850,41850,0.455712182
SIMUL,1,4,1,10,0.95,4769,169,25,2197,2391,2307,71,20000,23000,43000,0.483749214
SIMUL,1,4,1,10,0.95,4759,207,45,2338,2590,2105,64,20000,22000,42000,0.442319815
SIMUL,1,4,1,10,0.95,4735,137,34,2127,2298,2364,73,20000,23500,43500,0.499260824
SIMUL,1,4,1,10,0.95,4755,178,39,2300,2517,2168,70,20000,22450,42450,0.455941115
SIMUL,1,4,1,10,0.95,4722,178,39,2194,2411,2250,61,20000,22100,42100,0.476493011
SIMUL,1,4,1,10,0.95,4780,147,40,2149,2336,2367,77,20000,22350,42350,0.495188285
SIMUL,1,4,1,10,0.95,4766,167,41,2214,2422,2270,74,20000,23000,43000,0.47629039
SIMUL,1,4,1,10,0.95,4759,158,36,2261,2455,2234,70,20000,22500,42500,0.46942635
SIMUL,1,4,1,10,0.95,4744,162,34,2233,2429,2241,74,20000,22050,42050,0.472386172
SIMUL,1,4,1,10,0.95,4762,168,35,2217,2420,2267,75,20000,22900,42900,0.476060479
SIMUL,1,4,1,10,0.95,4748,173,44,2175,2392,2286,70,20000,22400,42400,0.48146588
SIMUL,1,4,1,10,0.95,4738,148,34,2151,2333,2335,70,20000,22650,42650,0.492823976
SIMUL,1,4,1,10,0.95,4759,167,37,2154,2358,2324,77,20000,23550,43550,0.488337886
SIMUL,1,4,1,10,1,5000,144,36,2122,2302,2619,79,20000,24800,44800,0.5238
SIMUL,1,4,1,10,1,5000,157,29,2289,2475,2442,83,20000,22700,42700,0.4884
SIMUL,1,4,1,10,1,5000,165,40,2448,2653,2268,79,20000,22300,42300,0.4536
SIMUL,1,4,1,10,1,5000,140,38,2292,2470,2460,70,20000,23200,43200,0.492
SIMUL,1,4,1,10,1,5000,157,29,2258,2444,2478,78,20000,22950,42950,0.4956
SIMUL,1,4,1,10,1,5000,163,38,2216,2417,2511,72,20000,23650,43650,0.5022
SIMUL,1,4,1,10,1,5000,158,36,2223,2417,2506,77,20000,24100,44100,0.5012
SIMUL,1,4,1,10,1,5000,139,42,2273,2454,2472,74,20000,23850,43850,0.4944
SIMUL,1,4,1,10,1,5000,134,37,2331,2502,2432,66,20000,23500,43500,0.4864
SIMUL,1,4,1,10,1,5000,149,38,2327,2514,2407,79,20000,23300,43300,0.4814
SIMUL,1,4,1,10,1,5000,154,37,2283,2474,2454,72,20000,23700,43700,0.4908
SIMUL,1,4,1,10,1,5000,137,39,2234,2410,2512,78,20000,23250,43250,0.5024
SIMUL,1,4,1,10,1,5000,153,34,2345,2532,2387,81,20000,23050,43050,0.4774
SIMUL,1,4,1,10,1,5000,119,20,2232,2371,2553,76,20000,24050,44050,0.5106
SIMUL,1,4,1,10,1,5000,165,32,2385,2582,2346,72,20000,23150,43150,0.4692
SIMUL,1,4,1,10,1,5000,184,41,2475,2700,2229,71,20000,21800,41800,0.4458
SIMUL,1,4,1,10,1,5000,144,28,2168,2340,2579,81,20000,24800,44800,0.5158
SIMUL,1,4,1,10,1,5000,141,33,2205,2379,2553,68,20000,23850,43850,0.5106
SIMUL,1,4,1,10,1,5000,132,31,2232,2395,2528,77,20000,24450,44450,0.5056
SIMUL,1,4,1,10,1,5000,142,35,2309,2486,2441,73,20000,23000,43000,0.4882
SIMUL,1,4,1,10,1,5000,158,34,2283,2475,2452,73,20000,22900,42900,0.4904
SIMUL,1,4,1,10,1,5000,156,30,2238,2424,2499,77,20000,23900,43900,0.4998
SIMUL,1,4,1,10,1,5000,143,29,2184,2356,2558,86,20000,24150,44150,0.5116
SIMUL,1,4,1,10,1,5000,153,34,2296,2483,2447,70,20000,23250,43250,0.4894
SIMUL,1,4,1,10,1,5000,140,39,2224,2403,2522,75,20000,23600,43600,0.5044
SIMUL,1,4,1,20,0.05,264,261,0,3,264,0,0,20000,0,20000,0
SIMUL,1,4,1,20,0.05,237,232,0,2,234,0,3,20000,0,20000,0
SIMUL,1,4,1,20,0.05,229,219,0,7,226,0,3,20000,0,20000,0
SIMUL,1,4,1,20,0.05,252,252,0,0,252,0,0,20000,0,20000,0
SIMUL,1,4,1,20,0.05,248,247,0,1,248,0,0,20000,0,20000,0
SIMUL,1,4,1,20,0.05,258,252,0,5,257,0,1,20000,0,20000,0
SIMUL,1,4,1,20,0.05,246,242,0,3,245,0,1,20000,0,20000,0
SIMUL,1,4,1,20,0.05,274,267,2,3,272,0,2,20000,100,20100,0
SIMUL,1,4,1,20,0.05,254,246,0,7,253,0,1,20000,0,20000,0
SIMUL,1,4,1,20,0.05,245,244,0,1,245,0,0,20000,0,20000,0
SIMUL,1,4,1,20,0.05,249,244,0,5,249,0,0,20000,0,20000,0
SIMUL,1,4,1,20,0.05,228,228,0,0,228,0,0,20000,0,20000,0
SIMUL,1,4,1,20,0.05,232,225,1,5,231,0,1,20000,50,20050,0
SIMUL,1,4,1,20,0.05,260,254,0,4,258,0,2,20000,0,20000,0
SIMUL,1,4,1,20,0.05,223,219,0,0,219,0,4,20000,0,20000,0
SIMUL,1,4,1,20,0.05,263,259,0,4,263,0,0,20000,0,20000,0
SIMUL,1,4,1,20,0.05,255,250,0,4,254,0,1,20000,0,20000,0
SIMUL,1,4,1,20,0.05,260,256,1,2,259,0,1,20000,50,20050,0
SIMUL,1,4,1,20,0.05,255,249,0,4,253,0,2,20000,0,20000,0
SIMUL,1,4,1,20,0.05,262,257,0,3,260,0,2,20000,0,20000,0
SIMUL,1,4,1,20,0.05,247,237,0,8,245,0,2,20000,0,20000,0
SIMUL,1,4,1,20,0.05,244,238,0,5,243,0,1,20000,0,20000,0
SIMUL,1,4,1,20,0.05,229,228,0,1,229,0,0,20000,0,20000,0
SIMUL,1,4,1,20,0.05,239,237,0,1,238,0,1,20000,0,20000,0
SIMUL,1,4,1,20,0.05,226,225,0,1,226,0,0,20000,0,20000,0
SIMUL,1,4,1,20,0.1,468,416,1,46,463,0,5,20000,50,20050,0
SIMUL,1,4,1,20,0.1,478,431,3,41,475,0,3,20000,150,20150,0
SIMUL,1,4,1,20,0.1,469,439,1,28,468,0,1,20000,50,20050,0
SIMUL,1,4,1,20,0.1,484,441,1,42,484,0,0,20000,50,20050,0
SIMUL,1,4,1,20,0.1,515,448,4,63,515,0,0,20000,200,20200,0
SIMUL,1,4,1,20,0.1,492,434,2,53,489,0,3,20000,100,20100,0
SIMUL,1,4,1,20,0.1,544,471,2,68,541,0,3,20000,100,20100,0
SIMUL,1,4,1,20,0.1,434,397,1,35,433,0,1,20000,50,20050,0
SIMUL,1,4,1,20,0.1,496,454,3,36,493,0,3,20000,150,20150,0
SIMUL,1,4,1,20,0.1,482,439,2,39,480,0,2,20000,100,20100,0
SIMUL,1,4,1,20,0.1,443,406,2,34,442,0,1,20000,100,20100,0
SIMUL,1,4,1,20,0.1,554,485,2,67,554,0,0,20000,100,20100,0
SIMUL,1,4,1,20,0.1,485,441,4,33,478,0,7,20000,200,20200,0
SIMUL,1,4,1,20,0.1,500,445,4,48,497,0,3,20000,200,20200,0
SIMUL,1,4,1,20,0.1,505,451,2,49,502,0,3,20000,100,20100,0
SIMUL,1,4,1,20,0.1,525,467,4,53,524,0,1,20000,200,20200,0
SIMUL,1,4,1,20,0.1,481,438,3,36,477,0,4,20000,150,20150,0
SIMUL,1,4,1,20,0.1,486,452,2,31,485,0,1,20000,100,20100,0
SIMUL,1,4,1,20,0.1,507,455,0,50,505,0,2,20000,0,20000,0
SIMUL,1,4,1,20,0.1,499,455,0,38,493,0,6,20000,0,20000,0
SIMUL,1,4,1,20,0.1,486,435,4,42,481,0,5,20000,200,20200,0
SIMUL,1,4,1,20,0.1,505,454,4,40,498,0,7,20000,200,20200,0
SIMUL,1,4,1,20,0.1,476,428,1,43,472,0,4,20000,50,20050,0
SIMUL,1,4,1,20,0.1,501,449,1,46,496,0,5,20000,50,20050,0
SIMUL,1,4,1,20,0.1,479,432,2,39,473,0,6,20000,100,20100,0
SIMUL,1,4,1,20,0.15,774,577,18,177,772,0,2,20000,900,20900,0
SIMUL,1,4,1,20,0.15,769,582,15,167,764,0,5,20000,750,20750,0
SIMUL,1,4,1,20,0.15,765,566,15,180,761,0,4,20000,750,20750,0
SIMUL,1,4,1,20,0.15,751,570,12,167,749,0,2,20000,600,20600,0
SIMUL,1,4,1,20,0.15,750,590,8,149,747,0,3,20000,400,20400,0
SIMUL,1,4,1,20,0.15,774,577,18,177,772,0,2,20000,900,20900,0
SIMUL,1,4,1,20,0.15,768,595,12,159,766,0,2,20000,600,20600,0
SIMUL,1,4,1,20,0.15,788,586,15,177,778,0,10,20000,750,20750,0
SIMUL,1,4,1,20,0.15,754,592,15,141,748,0,6,20000,800,20800,0
SIMUL,1,4,1,20,0.15,718,569,7,134,710,0,8,20000,350,20350,0
SIMUL,1,4,1,20,0.15,766,582,16,164,762,0,4,20000,800,20800,0
SIMUL,1,4,1,20,0.15,725,592,6,126,724,0,1,20000,300,20300,0
SIMUL,1,4,1,20,0.15,735,563,7,162,732,0,3,20000,350,20350,0
SIMUL,1,4,1,20,0.15,766,581,10,171,762,0,4,20000,500,20500,0
SIMUL,1,4,1,20,0.15,712,560,14,134,708,0,4,20000,700,20700,0
SIMUL,1,4,1,20,0.15,746,584,10,149,743,0,3,20000,500,20500,0
SIMUL,1,4,1,20,0.15,780,597,7,172,776,0,4,20000,400,20400,0
SIMUL,1,4,1,20,0.15,724,564,12,145,721,0,3,20000,600,20600,0
SIMUL,1,4,1,20,0.15,743,568,11,153,732,0,11,20000,550,20550,0
SIMUL,1,4,1,20,0.15,776,566,17,190,773,0,3,20000,850,20850,0
SIMUL,1,4,1,20,0.15,732,581,13,134,728,0,4,20000,650,20650,0
SIMUL,1,4,1,20,0.15,772,580,15,174,769,0,3,20000,750,20750,0
SIMUL,1,4,1,20,0.15,721,557,14,145,716,0,5,20000,700,20700,0
SIMUL,1,4,1,20,0.15,734,566,11,152,729,0,5,20000,550,20550,0
SIMUL,1,4,1,20,0.15,744,574,14,149,737,0,7,20000,700,20700,0
SIMUL,1,4,1,20,0.2,1014,632,30,347,1009,0,5,20000,1500,21500,0
SIMUL,1,4,1,20,0.2,1007,619,37,347,1003,0,4,20000,1850,21850,0
SIMUL,1,4,1,20,0.2,1010,619,35,352,1006,0,4,20000,1750,21750,0
SIMUL,1,4,1,20,0.2,1000,617,36,341,994,0,6,20000,1800,21800,0
SIMUL,1,4,1,20,0.2,1023,661,26,333,1020,0,3,20000,1300,21300,0
SIMUL,1,4,1,20,0.2,992,650,24,315,989,0,3,20000,1200,21200,0
SIMUL,1,4,1,20,0.2,984,617,31,332,980,0,4,20000,1550,21550,0
SIMUL,1,4,1,20,0.2,1009,646,28,326,1000,0,9,20000,1400,21400,0
SIMUL,1,4,1,20,0.2,995,623,36,332,991,0,4,20000,1800,21800,0
SIMUL,1,4,1,20,0.2,977,642,28,303,973,0,4,20000,1400,21400,0
SIMUL,1,4,1,20,0.2,976,628,35,306,969,0,7,20000,1750,21750,0
SIMUL,1,4,1,20,0.2,1021,619,43,353,1015,0,6,20000,2150,22150,0
SIMUL,1,4,1,20,0.2,1038,620,38,371,1029,0,9,20000,1950,21950,0
SIMUL,1,4,1,20,0.2,918,633,19,263,915,0,3,20000,950,20950,0
SIMUL,1,4,1,20,0.2,1003,616,37,344,997,0,6,20000,1900,21900,0
SIMUL,1,4,1,20,0.2,1015,630,32,347,1009,0,6,20000,1600,21600,0
SIMUL,1,4,1,20,0.2,970,599,44,319,962,0,8,20000,2200,22200,0
SIMUL,1,4,1,20,0.2,981,623,26,324,973,0,8,20000,1300,21300,0
SIMUL,1,4,1,20,0.2,1027,611,49,362,1022,0,5,20000,2450,22450,0
SIMUL,1,4,1,20,0.2,1010,645,21,336,1002,0,8,20000,1050,21050,0
SIMUL,1,4,1,20,0.2,937,627,17,286,930,0,7,20000,850,20850,0
SIMUL,1,4,1,20,0.2,1035,605,47,374,1026,0,9,20000,2400,22400,0
SIMUL,1,4,1,20,0.2,1002,592,43,359,994,0,8,20000,2200,22200,0
SIMUL,1,4,1,20,0.2,1013,639,36,331,1006,0,7,20000,1800,21800,0
SIMUL,1,4,1,20,0.2,1035,636,37,357,1030,0,5,20000,1900,21900,0
SIMUL,1,4,1,20,0.25,1232,667,61,500,1228,0,4,20000,3050,23050,0
SIMUL,1,4,1,20,0.25,1281,638,72,565,1275,0,6,20000,3600,23600,0
SIMUL,1,4,1,20,0.25,1255,654,58,538,1250,0,5,20000,2900,22900,0
SIMUL,1,4,1,20,0.25,1285,633,71,576,1280,1,4,20000,3550,23550,0.00077821
SIMUL,1,4,1,20,0.25,1258,640,67,541,1248,0,10,20000,3350,23350,0
SIMUL,1,4,1,20,0.25,1209,648,59,494,1201,0,8,20000,2950,22950,0
SIMUL,1,4,1,20,0.25,1219,666,54,490,1210,0,9,20000,2750,22750,0
SIMUL,1,4,1,20,0.25,1267,611,80,569,1260,0,7,20000,4000,24000,0
SIMUL,1,4,1,20,0.25,1211,670,50,485,1205,0,6,20000,2500,22500,0
SIMUL,1,4,1,20,0.25,1234,628,73,525,1226,0,8,20000,3700,23700,0
SIMUL,1,4,1,20,0.25,1267,666,61,535,1262,0,5,20000,3050,23050,0
SIMUL,1,4,1,20,0.25,1237,670,63,497,1230,0,7,20000,3150,23150,0
SIMUL,1,4,1,20,0.25,1257,665,65,516,1246,0,11,20000,3300,23300,0
SIMUL,1,4,1,20,0.25,1297,670,68,554,1292,0,5,20000,3400,23400,0
SIMUL,1,4,1,20,0.25,1280,622,82,569,1273,0,7,20000,4100,24100,0
SIMUL,1,4,1,20,0.25,1239,635,72,526,1233,0,6,20000,3600,23600,0
SIMUL,1,4,1,20,0.25,1195,674,52,463,1189,0,6,20000,2600,22600,0
SIMUL,1,4,1,20,0.25,1255,653,56,538,1247,0,8,20000,2800,22800,0
SIMUL,1,4,1,20,0.25,1260,619,66,569,1254,0,6,20000,3300,23300,0
SIMUL,1,4,1,20,0.25,1208,619,67,512,1198,0,10,20000,3350,23350,0
SIMUL,1,4,1,20,0.25,1258,635,78,539,1252,0,6,20000,3950,23950,0
SIMUL,1,4,1,20,0.25,1249,642,63,528,1233,0,16,20000,3200,23200,0
SIMUL,1,4,1,20,0.25,1272,653,74,538,1265,0,7,20000,3700,23700,0
SIMUL,1,4,1,20,0.25,1210,614,67,523,1204,0,6,20000,3350,23350,0
SIMUL,1,4,1,20,0.25,1267,612,79,564,1255,1,11,20000,3950,23950,0.000789266
SIMUL,1,4,1,20,0.3,1528,638,104,773,1515,0,13,20000,5250,25250,0
SIMUL,1,4,1,20,0.3,1497,629,107,751,1487,0,10,20000,5400,25400,0
SIMUL,1,4,1,20,0.3,1528,651,99,773,1523,0,5,20000,4950,24950,0
SIMUL,1,4,1,20,0.3,1473,655,95,717,1467,0,6,20000,4750,24750,0
SIMUL,1,4,1,20,0.3,1477,624,99,740,1463,0,14,20000,5000,25000,0
SIMUL,1,4,1,20,0.3,1508,624,99,766,1489,0,19,20000,5000,25000,0
SIMUL,1,4,1,20,0.3,1512,635,106,762,1503,0,9,20000,5300,25300,0
SIMUL,1,4,1,20,0.3,1528,651,99,773,1523,0,5,20000,4950,24950,0
SIMUL,1,4,1,20,0.3,1479,627,98,745,1470,0,9,20000,4950,24950,0
SIMUL,1,4,1,20,0.3,1527,633,93,797,1523,0,4,20000,4650,24650,0
SIMUL,1,4,1,20,0.3,1521,618,104,789,1511,0,10,20000,5250,25250,0
SIMUL,1,4,1,20,0.3,1457,652,91,705,1448,0,9,20000,4550,24550,0
SIMUL,1,4,1,20,0.3,1499,625,88,774,1487,0,12,20000,4450,24450,0
SIMUL,1,4,1,20,0.3,1446,656,75,702,1433,0,13,20000,3800,23800,0
SIMUL,1,4,1,20,0.3,1478,673,88,706,1467,0,11,20000,4450,24450,0
SIMUL,1,4,1,20,0.3,1505,622,97,768,1487,5,13,20000,4950,24950,0.003322259
SIMUL,1,4,1,20,0.3,1463,653,93,707,1453,0,10,20000,4700,24700,0
SIMUL,1,4,1,20,0.3,1519,624,112,773,1509,0,10,20000,5650,25650,0
SIMUL,1,4,1,20,0.3,1512,637,94,768,1499,0,13,20000,4750,24750,0
SIMUL,1,4,1,20,0.3,1503,649,88,757,1494,0,9,20000,4400,24400,0
SIMUL,1,4,1,20,0.3,1480,648,97,729,1474,1,5,20000,4850,24850,0.000675676
SIMUL,1,4,1,20,0.3,1484,644,89,741,1474,0,10,20000,4450,24450,0
SIMUL,1,4,1,20,0.3,1487,645,102,733,1480,0,7,20000,5150,25150,0
SIMUL,1,4,1,20,0.3,1544,628,105,798,1531,0,13,20000,5300,25300,0
SIMUL,1,4,1,20,0.3,1521,617,95,794,1506,1,14,20000,4800,24800,0.000657462
SIMUL,1,4,1,20,0.35,1729,634,112,967,1713,0,16,20000,5650,25650,0
SIMUL,1,4,1,20,0.35,1715,639,120,938,1697,5,13,20000,6100,26100,0.002915452
SIMUL,1,4,1,20,0.35,1671,655,110,892,1657,1,13,20000,5600,25600,0.000598444
SIMUL,1,4,1,20,0.35,1700,609,121,958,1688,1,11,20000,6050,26050,0.000588235
SIMUL,1,4,1,20,0.35,1730,616,131,965,1712,1,17,20000,6600,26600,0.000578035
SIMUL,1,4,1,20,0.35,1779,604,123,1039,1766,2,11,20000,6200,26200,0.001124227
SIMUL,1,4,1,20,0.35,1800,624,123,1038,1785,3,12,20000,6250,26250,0.001666667
SIMUL,1,4,1,20,0.35,1739,633,121,976,1730,2,7,20000,6200,26200,0.001150086
SIMUL,1,4,1,20,0.35,1853,624,131,1083,1838,2,13,20000,6550,26550,0.001079331
SIMUL,1,4,1,20,0.35,1768,630,112,1006,1748,7,13,20000,5750,25750,0.003959276
SIMUL,1,4,1,20,0.35,1673,635,116,907,1658,0,15,20000,5850,25850,0
SIMUL,1,4,1,20,0.35,1699,627,122,940,1689,2,8,20000,6150,26150,0.001177163
SIMUL,1,4,1,20,0.35,1721,632,116,959,1707,1,13,20000,5900,25900,0.000581058
SIMUL,1,4,1,20,0.35,1748,656,116,970,1742,1,5,20000,5850,25850,0.000572082
SIMUL,1,4,1,20,0.35,1739,638,113,979,1730,1,8,20000,5700,25700,0.000575043
SIMUL,1,4,1,20,0.35,1735,647,125,951,1723,1,11,20000,6250,26250,0.000576369
SIMUL,1,4,1,20,0.35,1810,603,127,1058,1788,7,15,20000,6450,26450,0.003867403
SIMUL,1,4,1,20,0.35,1776,645,120,995,1760,4,12,20000,6100,26100,0.002252252
SIMUL,1,4,1,20,0.35,1769,648,120,993,1761,0,8,20000,6000,26000,0
SIMUL,1,4,1,20,0.35,1699,668,108,915,1691,2,6,20000,5400,25400,0.001177163
SIMUL,1,4,1,20,0.35,1685,616,124,927,1667,3,15,20000,6250,26250,0.001780415
SIMUL,1,4,1,20,0.35,1751,634,133,967,1734,4,13,20000,6800,26800,0.002284409
SIMUL,1,4,1,20,0.35,1752,630,118,991,1739,1,12,20000,5950,25950,0.000570776
SIMUL,1,4,1,20,0.35,1774,653,125,981,1759,0,15,20000,6300,26300,0
SIMUL,1,4,1,20,0.35,1728,625,119,973,1717,1,10,20000,6000,26000,0.000578704
SIMUL,1,4,1,20,0.4,2108,581,144,1346,2071,20,17,20000,7300,27300,0.009487666
SIMUL,1,4,1,20,0.4,2012,625,146,1211,1982,19,11,20000,7400,27400,0.00944334
SIMUL,1,4,1,20,0.4,2015,608,140,1249,1997,4,14,20000,7100,27100,0.001985112
SIMUL,1,4,1,20,0.4,2057,588,137,1289,2014,26,17,20000,7200,27200,0.012639767
SIMUL,1,4,1,20,0.4,1943,588,139,1194,1921,5,17,20000,7050,27050,0.00257334
SIMUL,1,4,1,20,0.4,2029,667,131,1218,2016,3,10,20000,6700,26700,0.001478561
SIMUL,1,4,1,20,0.4,1998,619,138,1227,1984,3,11,20000,7000,27000,0.001501502
SIMUL,1,4,1,20,0.4,1965,587,139,1214,1940,12,13,20000,7150,27150,0.00610687
SIMUL,1,4,1,20,0.4,2005,615,136,1229,1980,13,12,20000,7000,27000,0.006483791
SIMUL,1,4,1,20,0.4,2065,623,136,1288,2047,8,10,20000,6900,26900,0.003874092
SIMUL,1,4,1,20,0.4,2036,611,132,1270,2013,9,14,20000,6700,26700,0.004420432
SIMUL,1,4,1,20,0.4,2032,608,145,1259,2012,6,14,20000,7300,27300,0.002952756
SIMUL,1,4,1,20,0.4,2012,620,148,1218,1986,7,19,20000,7500,27500,0.003479125
SIMUL,1,4,1,20,0.4,1961,648,127,1170,1945,4,12,20000,6450,26450,0.002039776
SIMUL,1,4,1,20,0.4,2017,599,134,1247,1980,22,15,20000,7000,27000,0.010907288
SIMUL,1,4,1,20,0.4,1926,586,132,1182,1900,12,14,20000,6700,26700,0.00623053
SIMUL,1,4,1,20,0.4,1995,623,139,1213,1975,9,11,20000,7000,27000,0.004511278
SIMUL,1,4,1,20,0.4,2024,624,147,1226,1997,10,17,20000,7500,27500,0.004940711
SIMUL,1,4,1,20,0.4,1969,620,137,1187,1944,10,15,20000,7000,27000,0.00507872
SIMUL,1,4,1,20,0.4,2067,627,138,1271,2036,11,20,20000,7050,27050,0.005321722
SIMUL,1,4,1,20,0.4,1995,660,140,1179,1979,0,16,20000,7050,27050,0
SIMUL,1,4,1,20,0.4,1972,624,141,1178,1943,9,20,20000,7200,27200,0.004563895
SIMUL,1,4,1,20,0.4,1960,625,138,1177,1940,9,11,20000,7000,27000,0.004591837
SIMUL,1,4,1,20,0.4,2005,629,139,1212,1980,13,12,20000,7150,27150,0.006483791
SIMUL,1,4,1,20,0.4,1972,653,143,1160,1956,0,16,20000,7150,27150,0
SIMUL,1,4,1,20,0.45,2233,571,146,1464,2181,33,19,20000,7500,27500,0.014778325
SIMUL,1,4,1,20,0.45,2308,591,144,1523,2258,29,21,20000,7500,27500,0.012564991
SIMUL,1,4,1,20,0.45,2250,636,142,1447,2225,6,19,20000,7250,27250,0.002666667
SIMUL,1,4,1,20,0.45,2224,588,137,1452,2177,28,19,20000,7100,27100,0.012589928
SIMUL,1,4,1,20,0.45,2287,627,144,1491,2262,13,12,20000,7350,27350,0.005684303
SIMUL,1,4,1,20,0.45,2225,587,145,1444,2176,26,23,20000,7500,27500,0.011685393
SIMUL,1,4,1,20,0.45,2266,578,130,1485,2193,48,25,20000,6950,26950,0.021182701
SIMUL,1,4,1,20,0.45,2237,612,143,1454,2209,18,10,20000,7400,27400,0.008046491
SIMUL,1,4,1,20,0.45,2287,593,146,1503,2242,25,20,20000,7750,27750,0.010931351
SIMUL,1,4,1,20,0.45,2292,601,141,1511,2253,23,16,20000,7350,27350,0.010034904
SIMUL,1,4,1,20,0.45,2303,545,132,1545,2222,51,30,20000,7250,27250,0.022145028
SIMUL,1,4,1,20,0.45,2301,603,137,1507,2247,34,20,20000,7450,27450,0.014776184
SIMUL,1,4,1,20,0.45,2288,619,149,1483,2251,18,19,20000,7800,27800,0.007867133
SIMUL,1,4,1,20,0.45,2271,578,143,1502,2223,26,22,20000,7550,27550,0.011448701
SIMUL,1,4,1,20,0.45,2243,585,141,1471,2197,22,24,20000,7350,27350,0.009808292
SIMUL,1,4,1,20,0.45,2232,618,150,1429,2197,15,20,20000,7750,27750,0.00672043
SIMUL,1,4,1,20,0.45,2205,611,139,1425,2175,13,17,20000,7150,27150,0.005895692
SIMUL,1,4,1,20,0.45,2261,594,132,1490,2216,32,13,20000,7200,27200,0.01415303
SIMUL,1,4,1,20,0.45,2244,582,143,1476,2201,28,15,20000,7400,27400,0.012477718
SIMUL,1,4,1,20,0.45,2237,562,139,1475,2176,40,21,20000,7350,27350,0.017881091
SIMUL,1,4,1,20,0.45,2256,624,141,1462,2227,10,19,20000,7300,27300,0.004432624
SIMUL,1,4,1,20,0.45,2251,635,141,1452,2228,11,12,20000,7350,27350,0.004886717
SIMUL,1,4,1,20,0.45,2256,563,136,1488,2187,40,29,20000,7250,27250,0.017730496
SIMUL,1,4,1,20,0.45,2289,644,145,1477,2266,7,16,20000,7450,27450,0.003058104
SIMUL,1,4,1,20,0.45,2286,599,153,1495,2247,16,23,20000,7800,27800,0.006999125
SIMUL,1,4,1,20,0.5,2494,546,135,1722,2403,73,18,20000,7500,27500,0.029270249
SIMUL,1,4,1,20,0.5,2466,564,135,1676,2375,72,19,20000,7500,27500,0.02919708
SIMUL,1,4,1,20,0.5,2447,630,149,1625,2404,25,18,20000,7900,27900,0.010216592
SIMUL,1,4,1,20,0.5,2510,589,145,1712,2446,41,23,20000,7750,27750,0.016334661
SIMUL,1,4,1,20,0.5,2517,565,140,1717,2422,77,18,20000,7850,27850,0.030591975
SIMUL,1,4,1,20,0.5,2499,588,133,1700,2421,53,25,20000,7400,27400,0.021208483
SIMUL,1,4,1,20,0.5,2508,625,143,1687,2455,30,23,20000,7750,27750,0.011961722
SIMUL,1,4,1,20,0.5,2495,576,133,1702,2411,63,21,20000,7500,27500,0.025250501
SIMUL,1,4,1,20,0.5,2547,605,143,1746,2494,38,15,20000,7700,27700,0.014919513
SIMUL,1,4,1,20,0.5,2513,548,140,1728,2416,72,25,20000,7850,27850,0.028651015
SIMUL,1,4,1,20,0.5,2481,535,121,1696,2352,103,26,20000,7300,27300,0.041515518
SIMUL,1,4,1,20,0.5,2550,569,147,1757,2473,56,21,20000,7850,27850,0.021960784
SIMUL,1,4,1,20,0.5,2511,551,128,1741,2420,73,18,20000,7250,27250,0.029072083
SIMUL,1,4,1,20,0.5,2528,517,125,1744,2386,120,22,20000,7450,27450,0.047468354
SIMUL,1,4,1,20,0.5,2502,541,139,1706,2386,94,22,20000,7750,27750,0.037569944
SIMUL,1,4,1,20,0.5,2516,578,144,1710,2432,61,23,20000,7950,27950,0.024244833
SIMUL,1,4,1,20,0.5,2499,572,133,1680,2385,87,27,20000,7500,27500,0.034813926
SIMUL,1,4,1,20,0.5,2501,557,133,1722,2412,65,24,20000,7250,27250,0.025989604
SIMUL,1,4,1,20,0.5,2450,583,135,1657,2375,52,23,20000,7350,27350,0.02122449
SIMUL,1,4,1,20,0.5,2460,587,143,1672,2402,39,19,20000,7550,27550,0.015853659
SIMUL,1,4,1,20,0.5,2537,537,136,1760,2433,83,21,20000,7650,27650,0.032715806
SIMUL,1,4,1,20,0.5,2509,557,134,1723,2414,73,22,20000,7400,27400,0.029095257
SIMUL,1,4,1,20,0.5,2571,556,130,1762,2448,89,34,20000,7550,27550,0.034616881
SIMUL,1,4,1,20,0.5,2494,585,146,1702,2433,47,14,20000,7900,27900,0.018845229
SIMUL,1,4,1,20,0.5,2502,588,138,1702,2428,55,19,20000,7450,27450,0.021982414
SIMUL,1,4,1,20,0.55,2722,556,130,1935,2621,77,24,20000,7400,27400,0.028288024
SIMUL,1,4,1,20,0.55,2755,532,140,1947,2619,110,26,20000,7950,27950,0.039927405
SIMUL,1,4,1,20,0.55,2789,507,119,1978,2604,159,26,20000,7800,27800,0.057009681
SIMUL,1,4,1,20,0.55,2746,519,124,1932,2575,153,18,20000,7750,27750,0.055717407
SIMUL,1,4,1,20,0.55,2742,561,137,1924,2622,97,23,20000,7950,27950,0.035375638
SIMUL,1,4,1,20,0.55,2717,534,134,1920,2588,114,15,20000,7800,27800,0.041958042
SIMUL,1,4,1,20,0.55,2713,518,135,1901,2554,137,22,20000,8050,28050,0.050497604
SIMUL,1,4,1,20,0.55,2724,559,148,1898,2605,94,25,20000,8100,28100,0.034508076
SIMUL,1,4,1,20,0.55,2800,484,122,1982,2588,186,26,20000,8150,28150,0.066428571
SIMUL,1,4,1,20,0.55,2757,545,142,1942,2629,106,22,20000,8200,28200,0.038447588
SIMUL,1,4,1,20,0.55,2721,528,135,1915,2578,119,24,20000,7950,27950,0.043733921
SIMUL,1,4,1,20,0.55,2783,545,148,1959,2652,107,24,20000,8350,28350,0.038447718
SIMUL,1,4,1,20,0.55,2728,551,135,1901,2587,116,25,20000,7900,27900,0.042521994
SIMUL,1,4,1,20,0.55,2755,527,130,1931,2588,137,30,20000,7650,27650,0.049727768
SIMUL,1,4,1,20,0.55,2749,546,135,1943,2624,103,22,20000,7850,27850,0.03746817
SIMUL,1,4,1,20,0.55,2771,559,134,1941,2634,115,22,20000,7950,27950,0.041501263
SIMUL,1,4,1,20,0.55,2737,572,132,1903,2607,110,20,20000,7900,27900,0.040189989
SIMUL,1,4,1,20,0.55,2737,534,125,1932,2591,124,22,20000,7650,27650,0.045305079
SIMUL,1,4,1,20,0.55,2706,544,137,1913,2594,91,21,20000,7800,27800,0.033628973
SIMUL,1,4,1,20,0.55,2801,503,123,1990,2616,163,22,20000,7950,27950,0.058193502
SIMUL,1,4,1,20,0.55,2781,533,126,1953,2612,143,26,20000,7750,27750,0.051420352
SIMUL,1,4,1,20,0.55,2705,539,131,1896,2566,116,23,20000,7750,27750,0.042883549
SIMUL,1,4,1,20,0.55,2729,545,138,1898,2581,127,21,20000,8300,28300,0.046537193
SIMUL,1,4,1,20,0.55,2748,569,144,1910,2623,94,31,20000,8250,28250,0.034206696
SIMUL,1,4,1,20,0.55,2787,531,127,1984,2642,122,23,20000,7650,27650,0.043774668
SIMUL,1,4,1,20,0.6,3037,428,109,2164,2701,305,31,20000,8650,28650,0.100428054
SIMUL,1,4,1,20,0.6,2941,502,133,2126,2761,161,19,20000,8150,28150,0.054743285
SIMUL,1,4,1,20,0.6,3048,494,133,2161,2788,223,37,20000,9000,29000,0.07316273
SIMUL,1,4,1,20,0.6,2978,482,117,2125,2724,218,36,20000,8000,28000,0.073203492
SIMUL,1,4,1,20,0.6,2977,468,119,2137,2724,220,33,20000,8000,28000,0.073899899
SIMUL,1,4,1,20,0.6,3015,495,126,2169,2790,195,30,20000,8200,28200,0.064676617
SIMUL,1,4,1,20,0.6,2954,535,128,2127,2790,140,24,20000,7800,27800,0.047393365
SIMUL,1,4,1,20,0.6,2968,513,119,2119,2751,192,25,20000,8300,28300,0.064690027
SIMUL,1,4,1,20,0.6,2987,533,137,2135,2805,159,23,20000,8450,28450,0.053230666
SIMUL,1,4,1,20,0.6,2996,491,116,2145,2752,219,25,20000,8250,28250,0.073097463
SIMUL,1,4,1,20,0.6,3018,464,117,2156,2737,254,27,20000,8200,28200,0.084161696
SIMUL,1,4,1,20,0.6,3025,474,114,2182,2770,221,34,20000,8200,28200,0.073057851
SIMUL,1,4,1,20,0.6,2955,548,133,2082,2763,162,30,20000,8500,28500,0.054822335
SIMUL,1,4,1,20,0.6,3024,480,115,2178,2773,228,23,20000,8300,28300,0.075396825
SIMUL,1,4,1,20,0.6,2976,492,123,2149,2764,193,19,20000,8150,28150,0.064852151
SIMUL,1,4,1,20,0.6,3008,500,120,2140,2760,228,20,20000,8700,28700,0.075797872
SIMUL,1,4,1,20,0.6,2977,469,113,2116,2698,246,33,20000,8350,28350,0.082633524
SIMUL,1,4,1,20,0.6,3041,487,119,2168,2774,240,27,20000,8450,28450,0.078921407
SIMUL,1,4,1,20,0.6,2948,485,127,2089,2701,216,31,20000,8450,28450,0.073270014
SIMUL,1,4,1,20,0.6,3011,478,125,2153,2756,227,28,20000,8600,28600,0.075390236
SIMUL,1,4,1,20,0.6,2968,475,123,2115,2713,227,28,20000,8300,28300,0.07648248
SIMUL,1,4,1,20,0.6,3008,461,100,2137,2698,287,23,20000,8300,28300,0.095412234
SIMUL,1,4,1,20,0.6,3011,518,124,2184,2826,160,25,20000,7950,27950,0.053138492
SIMUL,1,4,1,20,0.6,2969,468,110,2141,2719,224,26,20000,7950,27950,0.075446278
SIMUL,1,4,1,20,0.6,3038,497,125,2206,2828,179,31,20000,8050,28050,0.058920342
SIMUL,1,4,1,20,0.65,3225,426,117,2299,2842,354,29,20000,9350,29350,0.109767442
SIMUL,1,4,1,20,0.65,3304,360,101,2374,2835,430,39,20000,9300,29300,0.130145278
SIMUL,1,4,1,20,0.65,3277,399,102,2319,2820,428,29,20000,9350,29350,0.130607263
SIMUL,1,4,1,20,0.65,3229,462,110,2341,2913,284,32,20000,8500,28500,0.087952927
SIMUL,1,4,1,20,0.65,3242,421,98,2374,2893,324,25,20000,8350,28350,0.09993831
SIMUL,1,4,1,20,0.65,3339,442,122,2430,2994,310,35,20000,9250,29250,0.092842168
SIMUL,1,4,1,20,0.65,3171,507,124,2293,2924,217,30,20000,8550,28550,0.068432671
SIMUL,1,4,1,20,0.65,3253,408,106,2348,2862,356,35,20000,8900,28900,0.109437442
SIMUL,1,4,1,20,0.65,3205,412,91,2321,2824,347,34,20000,8150,28150,0.108268331
SIMUL,1,4,1,20,0.65,3209,461,111,2316,2888,288,33,20000,8700,28700,0.089747585
SIMUL,1,4,1,20,0.65,3248,391,101,2320,2812,415,21,20000,8950,28950,0.127770936
SIMUL,1,4,1,20,0.65,3279,462,117,2359,2938,310,31,20000,8850,28850,0.094541019
SIMUL,1,4,1,20,0.65,3263,416,102,2358,2876,353,34,20000,8650,28650,0.108182654
SIMUL,1,4,1,20,0.65,3289,421,120,2372,2913,348,28,20000,9000,29000,0.105807236
SIMUL,1,4,1,20,0.65,3237,439,114,2318,2871,328,38,20000,8850,28850,0.10132839
SIMUL,1,4,1,20,0.65,3268,442,106,2367,2915,319,34,20000,8750,28750,0.097613219
SIMUL,1,4,1,20,0.65,3268,466,100,2356,2922,315,31,20000,8500,28500,0.096389229
SIMUL,1,4,1,20,0.65,3247,472,124,2373,2969,243,35,20000,8350,28350,0.074838312
SIMUL,1,4,1,20,0.65,3291,409,101,2385,2895,369,27,20000,8600,28600,0.112123974
SIMUL,1,4,1,20,0.65,3225,404,110,2323,2837,365,23,20000,8950,28950,0.113178295
SIMUL,1,4,1,20,0.65,3267,438,108,2374,2920,314,33,20000,8350,28350,0.096112642
SIMUL,1,4,1,20,0.65,3258,476,113,2360,2949,286,23,20000,8750,28750,0.087783917
SIMUL,1,4,1,20,0.65,3235,520,123,2355,2998,207,30,20000,8350,28350,0.063987635
SIMUL,1,4,1,20,0.65,3196,429,100,2297,2826,338,32,20000,8300,28300,0.105757196
SIMUL,1,4,1,20,0.65,3251,471,120,2376,2967,259,25,20000,8850,28850,0.079667795
SIMUL,1,4,1,20,0.7,3508,357,86,2510,2953,520,35,20000,9900,29900,0.148232611
SIMUL,1,4,1,20,0.7,3556,372,99,2556,3027,482,47,20000,9750,29750,0.135545557
SIMUL,1,4,1,20,0.7,3513,422,87,2524,3033,439,41,20000,9250,29250,0.124964418
SIMUL,1,4,1,20,0.7,3515,409,96,2514,3019,457,39,20000,9800,29800,0.130014225
SIMUL,1,4,1,20,0.7,3534,356,103,2530,2989,513,32,20000,9750,29750,0.14516129
SIMUL,1,4,1,20,0.7,3443,372,92,2484,2948,462,33,20000,9250,29250,0.134185304
SIMUL,1,4,1,20,0.7,3593,376,96,2597,3069,476,48,20000,9750,29750,0.132479822
SIMUL,1,4,1,20,0.7,3513,373,89,2533,2995,478,40,20000,9500,29500,0.13606604
SIMUL,1,4,1,20,0.7,3491,420,103,2482,3005,450,36,20000,9700,29700,0.128902893
SIMUL,1,4,1,20,0.7,3537,400,99,2550,3049,448,40,20000,9600,29600,0.126661012
SIMUL,1,4,1,20,0.7,3499,400,92,2542,3034,430,35,20000,9300,29300,0.122892255
SIMUL,1,4,1,20,0.7,3494,408,89,2538,3035,428,31,20000,9050,29050,0.122495707
SIMUL,1,4,1,20,0.7,3509,460,111,2558,3129,347,33,20000,9200,29200,0.098888572
SIMUL,1,4,1,20,0.7,3475,373,90,2516,2979,456,40,20000,9350,29350,0.131223022
SIMUL,1,4,1,20,0.7,3515,409,96,2514,3019,457,39,20000,9800,29800,0.130014225
SIMUL,1,4,1,20,0.7,3499,399,97,2541,3037,437,25,20000,9400,29400,0.124892827
SIMUL,1,4,1,20,0.7,3521,406,91,2537,3034,459,28,20000,9750,29750,0.130360693
SIMUL,1,4,1,20,0.7,3576,389,85,2572,3046,499,31,20000,9500,29500,0.139541387
SIMUL,1,4,1,20,0.7,3479,450,95,2522,3067,376,36,20000,9250,29250,0.108077034
SIMUL,1,4,1,20,0.7,3449,414,99,2483,2996,417,36,20000,9250,29250,0.12090461
SIMUL,1,4,1,20,0.7,3547,402,98,2561,3061,444,42,20000,9600,29600,0.125176205
SIMUL,1,4,1,20,0.7,3528,416,98,2532,3046,448,34,20000,9600,29600,0.126984127
SIMUL,1,4,1,20,0.7,3502,354,87,2535,2976,484,42,20000,9200,29200,0.138206739
SIMUL,1,4,1,20,0.7,3468,399,96,2484,2979,457,32,20000,9400,29400,0.13177624
SIMUL,1,4,1,20,0.7,3527,341,80,2552,2973,520,34,20000,8900,28900,0.14743408
SIMUL,1,4,1,20,0.75,3750,350,79,2663,3092,614,44,20000,10250,30250,0.163733333
SIMUL,1,4,1,20,0.75,3762,337,89,2691,3117,604,41,20000,10400,30400,0.160552897
SIMUL,1,4,1,20,0.75,3760,361,101,2684,3146,581,33,20000,10500,30500,0.154521277
SIMUL,1,4,1,20,0.75,3802,392,97,2769,3258,510,34,20000,9850,29850,0.134139926
SIMUL,1,4,1,20,0.75,3775,379,88,2707,3174,567,34,20000,10400,30400,0.150198675
SIMUL,1,4,1,20,0.75,3701,374,89,2667,3130,530,41,20000,10050,30050,0.143204539
SIMUL,1,4,1,20,0.75,3803,359,78,2760,3197,571,35,20000,10100,30100,0.150144623
SIMUL,1,4,1,20,0.75,3735,352,99,2704,3155,542,38,20000,10050,30050,0.145113788
SIMUL,1,4,1,20,0.75,3714,375,92,2729,3196,481,37,20000,9450,29450,0.129509962
SIMUL,1,4,1,20,0.75,3763,315,80,2660,3055,665,43,20000,10850,30850,0.176720702
SIMUL,1,4,1,20,0.75,3727,339,94,2678,3111,588,28,20000,10150,30150,0.157767642
SIMUL,1,4,1,20,0.75,3705,339,77,2653,3069,596,40,20000,10050,30050,0.160863698
SIMUL,1,4,1,20,0.75,3720,369,80,2674,3123,559,38,20000,10250,30250,0.150268817
SIMUL,1,4,1,20,0.75,3744,337,94,2698,3129,581,34,20000,10200,30200,0.155181624
SIMUL,1,4,1,20,0.75,3764,325,76,2710,3111,611,42,20000,10050,30050,0.162327311
SIMUL,1,4,1,20,0.75,3758,338,81,2709,3128,596,34,20000,9850,29850,0.158594997
SIMUL,1,4,1,20,0.75,3738,326,101,2671,3098,601,39,20000,10600,30600,0.160781166
SIMUL,1,4,1,20,0.75,3730,376,104,2661,3141,556,33,20000,10650,30650,0.149061662
SIMUL,1,4,1,20,0.75,3770,376,90,2702,3168,564,38,20000,10200,30200,0.149602122
SIMUL,1,4,1,20,0.75,3766,345,85,2695,3125,601,40,20000,10200,30200,0.159585767
SIMUL,1,4,1,20,0.75,3765,362,86,2728,3176,552,37,20000,9950,29950,0.146613546
SIMUL,1,4,1,20,0.75,3769,408,96,2735,3239,487,43,20000,9900,29900,0.129211993
SIMUL,1,4,1,20,0.75,3762,355,93,2680,3128,591,43,20000,10700,30700,0.157097289
SIMUL,1,4,1,20,0.75,3769,432,89,2703,3224,512,33,20000,9800,29800,0.135845052
SIMUL,1,4,1,20,0.75,3778,382,101,2773,3256,489,33,20000,9800,29800,0.129433563
SIMUL,1,4,1,20,0.8,3987,365,86,2905,3356,596,35,20000,10750,30750,0.149485829
SIMUL,1,4,1,20,0.8,4007,350,82,2884,3316,646,45,20000,10800,30800,0.161217869
SIMUL,1,4,1,20,0.8,3990,288,87,2877,3252,691,47,20000,10700,30700,0.173182957
SIMUL,1,4,1,20,0.8,4002,303,78,2905,3286,678,38,20000,10550,30550,0.169415292
SIMUL,1,4,1,20,0.8,4023,307,75,2866,3248,729,46,20000,11250,31250,0.181208054
SIMUL,1,4,1,20,0.8,3987,365,86,2905,3356,596,35,20000,10750,30750,0.149485829
SIMUL,1,4,1,20,0.8,4040,279,71,2911,3261,746,33,20000,10900,30900,0.184653465
SIMUL,1,4,1,20,0.8,3978,369,101,2873,3343,596,39,20000,10850,30850,0.149824032
SIMUL,1,4,1,20,0.8,4015,358,93,2925,3376,596,43,20000,10450,30450,0.148443337
SIMUL,1,4,1,20,0.8,3984,341,77,2818,3236,702,46,20000,11450,31450,0.176204819
SIMUL,1,4,1,20,0.8,4025,335,73,2853,3261,720,44,20000,10850,30850,0.178881988
SIMUL,1,4,1,20,0.8,3974,326,74,2832,3232,703,39,20000,10800,30800,0.176899849
SIMUL,1,4,1,20,0.8,4010,319,91,2869,3279,688,43,20000,10850,30850,0.171571072
SIMUL,1,4,1,20,0.8,4023,354,99,2909,3362,623,38,20000,11050,31050,0.154859558
SIMUL,1,4,1,20,0.8,3962,331,83,2868,3282,639,41,20000,10450,30450,0.161282181
SIMUL,1,4,1,20,0.8,3961,391,108,2888,3387,527,47,20000,10650,30650,0.13304721
SIMUL,1,4,1,20,0.8,4020,306,84,2872,3262,718,40,20000,11450,31450,0.178606965
SIMUL,1,4,1,20,0.8,3956,302,79,2828,3209,706,41,20000,10600,30600,0.178463094
SIMUL,1,4,1,20,0.8,3990,315,83,2893,3291,659,40,20000,11050,31050,0.165162907
SIMUL,1,4,1,20,0.8,4040,358,79,2923,3360,641,39,20000,10750,30750,0.158663366
SIMUL,1,4,1,20,0.8,4007,296,87,2866,3249,716,42,20000,11200,31200,0.178687297
SIMUL,1,4,1,20,0.8,4016,289,76,2867,3232,741,43,20000,11000,31000,0.184511952
SIMUL,1,4,1,20,0.8,3971,353,80,2878,3311,628,32,20000,10500,30500,0.158146563
SIMUL,1,4,1,20,0.8,4016,310,74,2870,3254,712,50,20000,11100,31100,0.177290837
SIMUL,1,4,1,20,0.8,4031,314,74,2873,3261,737,33,20000,11250,31250,0.182833044
SIMUL,1,4,1,20,0.85,4244,315,86,3000,3401,800,43,20000,12200,32200,0.188501414
SIMUL,1,4,1,20,0.85,4284,293,77,3011,3381,858,45,20000,12350,32350,0.200280112
SIMUL,1,4,1,20,0.85,4296,290,76,3056,3422,833,41,20000,11750,31750,0.193901304
SIMUL,1,4,1,20,0.85,4224,281,70,2937,3288,890,46,20000,12550,32550,0.210700758
SIMUL,1,4,1,20,0.85,4208,303,75,3026,3404,763,41,20000,11300,31300,0.181321293
SIMUL,1,4,1,20,0.85,4238,273,78,3093,3444,757,37,20000,10850,30850,0.178621992
SIMUL,1,4,1,20,0.85,4271,286,86,3047,3419,809,43,20000,12000,32000,0.189416998
SIMUL,1,4,1,20,0.85,4208,308,80,3045,3433,739,36,20000,11500,31500,0.175617871
SIMUL,1,4,1,20,0.85,4275,324,74,3070,3468,763,44,20000,11500,31500,0.178479532
SIMUL,1,4,1,20,0.85,4244,291,75,2962,3328,877,39,20000,12400,32400,0.206644675
SIMUL,1,4,1,20,0.85,4258,273,70,3056,3399,814,45,20000,11650,31650,0.191169563
SIMUL,1,4,1,20,0.85,4234,303,75,3002,3380,814,40,20000,11600,31600,0.192253188
SIMUL,1,4,1,20,0.85,4234,314,71,2947,3332,848,54,20000,12400,32400,0.20028342
SIMUL,1,4,1,20,0.85,4257,292,79,3084,3455,761,41,20000,11600,31600,0.178764388
SIMUL,1,4,1,20,0.85,4277,285,76,3036,3397,835,45,20000,11950,31950,0.195230302
SIMUL,1,4,1,20,0.85,4331,272,65,3040,3377,915,39,20000,12450,32450,0.211267606
SIMUL,1,4,1,20,0.85,4252,271,57,2997,3325,882,45,20000,12300,32300,0.207431797
SIMUL,1,4,1,20,0.85,4256,309,73,3011,3393,817,46,20000,12100,32100,0.191964286
SIMUL,1,4,1,20,0.85,4271,313,87,3066,3466,767,38,20000,11950,31950,0.179583236
SIMUL,1,4,1,20,0.85,4244,250,71,2945,3266,928,50,20000,12750,32750,0.21866164
SIMUL,1,4,1,20,0.85,4245,316,91,3064,3471,727,47,20000,11300,31300,0.171260306
SIMUL,1,4,1,20,0.85,4262,297,81,3047,3425,791,46,20000,12050,32050,0.185593618
SIMUL,1,4,1,20,0.85,4297,324,70,3035,3429,819,49,20000,12150,32150,0.190598092
SIMUL,1,4,1,20,0.85,4210,283,79,2972,3334,838,38,20000,12050,32050,0.199049881
SIMUL,1,4,1,20,0.85,4248,297,69,3028,3394,799,55,20000,11650,31650,0.188088512
SIMUL,1,4,1,20,0.9,4489,251,74,3091,3416,1022,51,20000,13700,33700,0.227667632
SIMUL,1,4,1,20,0.9,4508,299,66,3199,3564,889,55,20000,12450,32450,0.197204969
SIMUL,1,4,1,20,0.9,4516,281,75,3250,3606,861,49,20000,12100,32100,0.190655447
SIMUL,1,4,1,20,0.9,4521,264,57,3167,3488,993,40,20000,12950,32950,0.219641672
SIMUL,1,4,1,20,0.9,4485,295,75,3170,3540,903,42,20000,12550,32550,0.201337793
SIMUL,1,4,1,20,0.9,4494,267,74,3177,3518,939,37,20000,12900,32900,0.20894526
SIMUL,1,4,1,20,0.9,4487,264,67,3127,3458,981,48,20000,13250,33250,0.218631602
SIMUL,1,4,1,20,0.9,4472,259,69,3135,3463,958,51,20000,12550,32550,0.214221825
SIMUL,1,4,1,20,0.9,4505,263,57,3146,3466,992,47,20000,12800,32800,0.220199778
SIMUL,1,4,1,20,0.9,4492,240,58,3150,3448,995,49,20000,12950,32950,0.221504898
SIMUL,1,4,1,20,0.9,4505,291,65,3207,3563,898,44,20000,12500,32500,0.199334073
SIMUL,1,4,1,20,0.9,4509,264,61,3221,3546,920,43,20000,12350,32350,0.204036372
SIMUL,1,4,1,20,0.9,4493,268,57,3161,3486,946,61,20000,12300,32300,0.210549744
SIMUL,1,4,1,20,0.9,4475,251,62,3107,3420,1000,55,20000,12550,32550,0.223463687
SIMUL,1,4,1,20,0.9,4536,244,54,3238,3536,957,43,20000,12700,32700,0.210978836
SIMUL,1,4,1,20,0.9,4468,261,68,3091,3420,993,55,20000,13500,33500,0.22224709
SIMUL,1,4,1,20,0.9,4514,216,47,3073,3336,1126,52,20000,13550,33550,0.249446167
SIMUL,1,4,1,20,0.9,4443,273,47,3190,3510,894,39,20000,11600,31600,0.201215395
SIMUL,1,4,1,20,0.9,4522,232,69,3179,3480,1000,42,20000,12650,32650,0.221141088
SIMUL,1,4,1,20,0.9,4505,255,60,3219,3534,923,48,20000,12150,32150,0.204883463
SIMUL,1,4,1,20,0.9,4514,216,47,3073,3336,1126,52,20000,13550,33550,0.249446167
SIMUL,1,4,1,20,0.9,4489,251,74,3091,3416,1022,51,20000,13700,33700,0.227667632
SIMUL,1,4,1,20,0.9,4487,283,76,3220,3579,857,51,20000,12150,32150,0.190996211
SIMUL,1,4,1,20,0.9,4489,270,73,3133,3476,969,44,20000,13450,33450,0.215860994
SIMUL,1,4,1,20,0.9,4508,251,68,3114,3433,1028,47,20000,13150,33150,0.228039042
SIMUL,1,4,1,20,0.95,4763,217,63,3323,3603,1117,43,20000,14250,34250,0.234516061
SIMUL,1,4,1,20,0.95,4737,203,47,3243,3493,1192,52,20000,14650,34650,0.251636057
SIMUL,1,4,1,20,0.95,4751,222,70,3249,3541,1163,47,20000,14450,34450,0.24479057
SIMUL,1,4,1,20,0.95,4748,268,67,3326,3661,1037,50,20000,13350,33350,0.218407751
SIMUL,1,4,1,20,0.95,4749,267,55,3317,3639,1062,48,20000,13700,33700,0.223626027
SIMUL,1,4,1,20,0.95,4757,258,70,3338,3666,1041,50,20000,13450,33450,0.2188354
SIMUL,1,4,1,20,0.95,4731,263,72,3311,3646,1034,51,20000,13950,33950,0.218558444
SIMUL,1,4,1,20,0.95,4758,245,57,3234,3536,1172,50,20000,14600,34600,0.246321984
SIMUL,1,4,1,20,0.95,4738,245,58,3268,3571,1118,49,20000,13350,33350,0.235964542
SIMUL,1,4,1,20,0.95,4764,230,57,3278,3565,1145,54,20000,14000,34000,0.240344249
SIMUL,1,4,1,20,0.95,4766,235,57,3304,3596,1114,56,20000,13750,33750,0.233738984
SIMUL,1,4,1,20,0.95,4750,240,59,3340,3639,1057,54,20000,13600,33600,0.222526316
SIMUL,1,4,1,20,0.95,4765,264,56,3404,3724,987,54,20000,12650,32650,0.207135362
SIMUL,1,4,1,20,0.95,4755,276,49,3348,3673,1032,50,20000,13800,33800,0.2170347
SIMUL,1,4,1,20,0.95,4746,240,57,3263,3560,1138,48,20000,14250,34250,0.239780868
SIMUL,1,4,1,20,0.95,4780,227,56,3290,3573,1157,50,20000,14350,34350,0.242050209
SIMUL,1,4,1,20,0.95,4754,216,47,3241,3504,1194,56,20000,14100,34100,0.25115692
SIMUL,1,4,1,20,0.95,4713,224,55,3231,3510,1148,55,20000,13650,33650,0.243581583
SIMUL,1,4,1,20,0.95,4734,288,61,3251,3600,1067,67,20000,14050,34050,0.22539079
SIMUL,1,4,1,20,0.95,4739,216,52,3262,3530,1147,62,20000,14150,34150,0.242034184
SIMUL,1,4,1,20,0.95,4754,234,53,3325,3612,1095,47,20000,13850,33850,0.230332352
SIMUL,1,4,1,20,0.95,4774,240,57,3295,3592,1125,57,20000,13850,33850,0.235651445
SIMUL,1,4,1,20,0.95,4765,233,52,3297,3582,1120,63,20000,13900,33900,0.235047219
SIMUL,1,4,1,20,0.95,4732,235,61,3294,3590,1089,53,20000,13700,33700,0.230135249
SIMUL,1,4,1,20,0.95,4765,268,66,3435,3769,947,49,20000,13150,33150,0.198740818
SIMUL,1,4,1,20,1,5000,212,51,3380,3643,1297,60,20000,15250,35250,0.2594
SIMUL,1,4,1,20,1,5000,218,48,3429,3695,1252,53,20000,14700,34700,0.2504
SIMUL,1,4,1,20,1,5000,217,55,3401,3673,1265,62,20000,15450,35450,0.253
SIMUL,1,4,1,20,1,5000,217,51,3424,3692,1247,61,20000,14450,34450,0.2494
SIMUL,1,4,1,20,1,5000,219,45,3414,3678,1266,56,20000,15200,35200,0.2532
SIMUL,1,4,1,20,1,5000,237,53,3449,3739,1202,59,20000,14850,34850,0.2404
SIMUL,1,4,1,20,1,5000,232,54,3470,3756,1188,56,20000,14500,34500,0.2376
SIMUL,1,4,1,20,1,5000,248,55,3491,3794,1160,46,20000,14300,34300,0.232
SIMUL,1,4,1,20,1,5000,192,33,3401,3626,1317,57,20000,14550,34550,0.2634
SIMUL,1,4,1,20,1,5000,260,64,3499,3823,1125,52,20000,14400,34400,0.225
SIMUL,1,4,1,20,1,5000,210,58,3460,3728,1211,61,20000,15050,35050,0.2422
SIMUL,1,4,1,20,1,5000,205,41,3331,3577,1363,60,20000,15500,35500,0.2726
SIMUL,1,4,1,20,1,5000,230,49,3342,3621,1326,53,20000,15850,35850,0.2652
SIMUL,1,4,1,20,1,5000,215,40,3424,3679,1263,58,20000,15500,35500,0.2526
SIMUL,1,4,1,20,1,5000,223,50,3497,3770,1173,57,20000,14300,34300,0.2346
SIMUL,1,4,1,20,1,5000,199,38,3397,3634,1318,48,20000,14450,34450,0.2636
SIMUL,1,4,1,20,1,5000,225,60,3507,3792,1148,60,20000,14400,34400,0.2296
SIMUL,1,4,1,20,1,5000,244,56,3481,3781,1173,46,20000,14800,34800,0.2346
SIMUL,1,4,1,20,1,5000,225,61,3419,3705,1237,58,20000,15100,35100,0.2474
SIMUL,1,4,1,20,1,5000,232,54,3470,3756,1188,56,20000,14500,34500,0.2376
SIMUL,1,4,1,20,1,5000,207,45,3400,3652,1293,55,20000,14850,34850,0.2586
SIMUL,1,4,1,20,1,5000,212,45,3416,3673,1272,55,20000,14900,34900,0.2544
SIMUL,1,4,1,20,1,5000,226,49,3510,3785,1163,52,20000,14450,34450,0.2326
SIMUL,1,4,1,20,1,5000,213,59,3415,3687,1257,56,20000,14950,34950,0.2514
SIMUL,1,4,1,20,1,5000,246,63,3533,3842,1102,56,20000,13750,33750,0.2204
AVG,1,4,1,10,0.05,251.36,248,0.32,2.2,250.52,0,0.84,20000,16,20016,0
AVG,1,4,1,10,0.1,495.4,457,4.84,30.52,492.36,0,3.04,20000,244,20244,0
AVG,1,4,1,10,0.15,760.2,597.32,28.64,130.04,756,0,4.2,20000,1444,21444,0
AVG,1,4,1,10,0.2,995.6,648.48,70.32,268.92,987.72,0,7.88,20000,3538,23538,0
AVG,1,4,1,10,0.25,1255.64,652.16,118.48,471.64,1242.28,2.76,10.6,20000,5974,25974,0.002198082
AVG,1,4,1,10,0.3,1502.6,628.64,143.96,692.96,1465.56,21.84,15.2,20000,7462,27462,0.014534806
AVG,1,4,1,10,0.35,1758.08,587,143.36,915.96,1646.32,93.08,18.68,20000,8156,28156,0.052944121
AVG,1,4,1,10,0.4,1994.32,521.12,128.52,1098.28,1747.92,223.32,23.08,20000,8746,28746,0.111978018
AVG,1,4,1,10,0.45,2249.68,460.72,114.68,1271.64,1847.04,376.28,26.36,20000,9618,29618,0.167259344
AVG,1,4,1,10,0.5,2513.08,393.96,96.56,1419.72,1910.24,569.84,33,20000,10610,30610,0.226749646
AVG,1,4,1,10,0.55,2755.72,340.48,81.96,1526.88,1949.32,769.6,36.8,20000,11992,31992,0.279273656
AVG,1,4,1,10,0.6,3000.04,298.64,71,1643.08,2012.72,946.4,40.92,20000,13192,33192,0.315462461
AVG,1,4,1,10,0.65,3252.92,271.6,64.2,1741.8,2077.6,1129.92,45.4,20000,14628,34628,0.347355607
AVG,1,4,1,10,0.7,3492.84,241.96,59.52,1844.84,2146.32,1297.28,49.24,20000,15838,35838,0.37141123
AVG,1,4,1,10,0.75,3747.04,226.04,53.56,1932,2211.6,1483.8,51.64,20000,17298,37298,0.39599257
AVG,1,4,1,10,0.8,4003.28,194.6,47.16,1999.04,2240.8,1704.88,57.6,20000,18904,38904,0.425870786
AVG,1,4,1,10,0.85,4249.6,190.08,43.56,2087.68,2321.32,1866.08,62.2,20000,20024,40024,0.439118976
AVG,1,4,1,10,0.9,4498.28,176.16,40.92,2147.8,2364.88,2065.4,68,20000,21234,41234,0.459153276
AVG,1,4,1,10,0.95,4750.6,162.88,37.48,2227.96,2428.32,2252.24,70.04,20000,22466,42466,0.474095904
AVG,1,4,1,10,1,5000,149.08,34.36,2274.88,2458.32,2466.2,75.48,20000,23490,43490,0.49324
AVG,1,4,1,20,0.05,247.16,242.72,0.16,3.16,246.04,0,1.12,20000,8,20008,0
AVG,1,4,1,20,0.1,491.76,442.52,2.2,44,488.72,0,3.04,20000,110,20110,0
AVG,1,4,1,20,0.15,751.48,576.76,12.48,157.92,747.16,0,4.32,20000,628,20628,0
AVG,1,4,1,20,0.2,999.68,625.96,33.4,334.4,993.76,0,5.92,20000,1680,21680,0
AVG,1,4,1,20,0.25,1248.08,644.16,66.32,530.16,1240.64,0.08,7.36,20000,3326,23326,6.41E-05
AVG,1,4,1,20,0.3,1499.04,638.32,96.68,753.64,1488.64,0.28,10.12,20000,4868,24868,0.000186786
AVG,1,4,1,20,0.35,1741.72,633,120.24,974.72,1727.96,2.08,11.68,20000,6076,26076,0.001194222
AVG,1,4,1,20,0.4,2005.6,618.32,138.64,1224.56,1981.52,9.76,14.32,20000,7062,27062,0.004866374
AVG,1,4,1,20,0.45,2261.28,597.84,141.56,1478.04,2217.44,24.48,19.36,20000,7402,27402,0.010825727
AVG,1,4,1,20,0.5,2504.28,569.96,137.12,1709.96,2417.04,65.64,21.6,20000,7594,27594,0.026211127
AVG,1,4,1,20,0.55,2748.12,537.64,133.24,1933.12,2604,120.8,23.32,20000,7912,27912,0.043957324
AVG,1,4,1,20,0.6,2995.12,489.48,121,2144.16,2754.64,212.96,27.52,20000,8290,28290,0.071102326
AVG,1,4,1,20,0.65,3251.04,438.16,109.64,2348.32,2896.12,324.28,30.64,20000,8738,28738,0.099746543
AVG,1,4,1,20,0.7,3511.64,395.08,94.16,2530.68,3019.92,455.36,36.36,20000,9472,29472,0.129671606
AVG,1,4,1,20,0.75,3753.2,360.12,89.56,2700.16,3149.84,565.96,37.4,20000,10170,30170,0.150793989
AVG,1,4,1,20,0.8,4000.6,328.96,83.2,2878.32,3290.48,669.36,40.76,20000,10880,30880,0.167314903
AVG,1,4,1,20,0.85,4254.72,294.52,75.64,3023.08,3393.24,817.76,43.72,20000,11934,31934,0.192200662
AVG,1,4,1,20,0.9,4497.04,260.36,64,3157.16,3481.52,967.68,47.84,20000,12802,32802,0.215181542
AVG,1,4,1,20,0.95,4751.52,242.16,58.16,3298.68,3599,1099.92,52.6,20000,13862,33862,0.231488029
AVG,1,4,1,20,1,5000,222.56,51.08,3438.4,3712.04,1232.24,55.72,20000,14800,34800,0.246448
AVG,1,0,0,10,0.05,,,,,,,,,,,0.231301939
AVG,1,0,0,10,0.1,,,,,,,,,,,0.284090909
AVG,1,0,0,10,0.15,,,,,,,,,,,0.306113537
AVG,1,0,0,10,0.2,,,,,,,,,,,0.290850722
AVG,1,0,0,10,0.25,,,,,,,,,,,0.315461684
AVG,1,0,0,10,0.3,,,,,,,,,,,0.318502203
AVG,1,0,0,10,0.35,,,,,,,,,,,0.339165545
AVG,1,0,0,10,0.4,,,,,,,,,,,0.347921595
AVG,1,0,0,10,0.45,,,,,,,,,,,0.367034963
AVG,1,0,0,10,0.5,,,,,,,,,,,0.390974441
AVG,1,0,0,10,0.55,,,,,,,,,,,0.400680355
AVG,1,0,0,10,0.6,,,,,,,,,,,0.404215197
AVG,1,0,0,10,0.65,,,,,,,,,,,0.440184049
AVG,1,0,0,10,0.7,,,,,,,,,,,0.451582605
AVG,1,0,0,10,0.75,,,,,,,,,,,0.472567472
AVG,1,0,0,10,0.8,,,,,,,,,,,0.489862328
AVG,1,0,0,10,0.85,,,,,,,,,,,0.491870238
AVG,1,0,0,10,0.9,,,,,,,,,,,0.489271661
AVG,1,0,0,10,0.95,,,,,,,,,,,0.527282929
AVG,1,0,0,10,1,,,,,,,,,,,0.535733333
AVG,1,0,0,20,0.05,,,,,,,,,,,0.111716621
AVG,1,0,0,20,0.1,,,,,,,,,,,0.13820598
AVG,1,0,0,20,0.15,,,,,,,,,,,0.124669604
AVG,1,0,0,20,0.2,,,,,,,,,,,0.14535267
AVG,1,0,0,20,0.25,,,,,,,,,,,0.150537634
AVG,1,0,0,20,0.3,,,,,,,,,,,0.16076534
AVG,1,0,0,20,0.35,,,,,,,,,,,0.159901831
AVG,1,0,0,20,0.4,,,,,,,,,,,0.170486866
AVG,1,0,0,20,0.45,,,,,,,,,,,0.18224643
AVG,1,0,0,20,0.5,,,,,,,,,,,0.190172643
AVG,1,0,0,20,0.55,,,,,,,,,,,0.196187932
AVG,1,0,0,20,0.6,,,,,,,,,,,0.21269771
AVG,1,0,0,20,0.65,,,,,,,,,,,0.223245925
AVG,1,0,0,20,0.7,,,,,,,,,,,0.232524964
AVG,1,0,0,20,0.75,,,,,,,,,,,0.247263017
AVG,1,0,0,20,0.8,,,,,,,,,,,0.262286861
AVG,1,0,0,20,0.85,,,,,,,,,,,0.269272955
AVG,1,0,0,20,0.9,,,,,,,,,,,0.275757576
AVG,1,0,0,20,0.95,,,,,,,,,,,0.282783729
AVG,1,0,0,20,1,,,,,,,,,,,0.299666667
