'Simulation','Policy','n_Public_Ambulance','n_Private_Ambulance','n_Car','PatientProbability','Patients_Created','Public_Ambulance_Saved','Private_Ambulance_Saved','Car_Saved','Dead','Alive','Public_Ambulance_Cost','Private_Ambulance_Cost','Total_Cost'
'Simulation 1',1,3,0,0,0.15,1554,1372,0,0,176,6,30000,0,30000
'Simulation 2',1,3,0,0,0.15,1526,1398,0,0,122,6,30000,0,30000
'Simulation 3',1,3,0,0,0.15,1539,1399,0,0,129,11,30000,0,30000
'Simulation 4',1,3,0,0,0.15,1579,1444,0,0,124,11,30000,0,30000
'Simulation 5',1,3,0,0,0.15,1440,1287,0,0,147,6,30000,0,30000
'Simulation 6',1,3,0,0,0.15,1479,1364,0,0,112,3,30000,0,30000
'Simulation 7',1,3,0,0,0.15,1555,1403,0,0,148,4,30000,0,30000
'Simulation 8',1,3,0,0,0.15,1486,1372,0,0,112,2,30000,0,30000
'Simulation 9',1,3,0,0,0.15,1549,1395,0,0,150,4,30000,0,30000
'Simulation 10',1,3,0,0,0.15,1479,1370,0,0,100,9,30000,0,30000
'Simulation 11',1,3,0,0,0.15,1475,1338,0,0,131,6,30000,0,30000
'Simulation 12',1,3,0,0,0.15,1526,1369,0,0,150,7,30000,0,30000
'Simulation 13',1,3,0,0,0.15,1500,1344,0,0,145,11,30000,0,30000
'Simulation 14',1,3,0,0,0.15,1507,1359,0,0,143,5,30000,0,30000
'Simulation 15',1,3,0,0,0.15,1459,1335,0,0,113,11,30000,0,30000
'Simulation 16',1,3,0,0,0.15,1477,1368,0,0,103,6,30000,0,30000
'Simulation 17',1,3,0,0,0.15,1511,1369,0,0,132,10,30000,0,30000
'Simulation 18',1,3,0,0,0.15,1500,1352,0,0,140,8,30000,0,30000
'Simulation 19',1,3,0,0,0.15,1521,1374,0,0,141,6,30000,0,30000
'Simulation 20',1,3,0,0,0.15,1519,1381,0,0,127,11,30000,0,30000
'AveragedSim',1,3.0,0.0,0.0,0.15,1509.05,1369.65,0.0,0.0,132.25,7.15,30000.0,0.0,30000.0
'Simulation 21',1,3,0,0,0.2,1988,1627,0,0,351,10,30000,0,30000
'Simulation 22',1,3,0,0,0.2,2050,1649,0,0,393,8,30000,0,30000
'Simulation 23',1,3,0,0,0.2,1949,1537,0,0,402,10,30000,0,30000
'Simulation 24',1,3,0,0,0.2,1990,1601,0,0,377,12,30000,0,30000
'Simulation 25',1,3,0,0,0.2,2000,1616,0,0,372,12,30000,0,30000
'Simulation 26',1,3,0,0,0.2,1946,1575,0,0,363,8,30000,0,30000
'Simulation 27',1,3,0,0,0.2,2010,1545,0,0,449,16,30000,0,30000
'Simulation 28',1,3,0,0,0.2,1979,1596,0,0,374,9,30000,0,30000
'Simulation 29',1,3,0,0,0.2,1991,1597,0,0,382,12,30000,0,30000
'Simulation 30',1,3,0,0,0.2,1924,1516,0,0,401,7,30000,0,30000
'Simulation 31',1,3,0,0,0.2,1995,1548,0,0,436,11,30000,0,30000
'Simulation 32',1,3,0,0,0.2,1992,1540,0,0,437,15,30000,0,30000
'Simulation 33',1,3,0,0,0.2,1963,1506,0,0,443,14,30000,0,30000
'Simulation 34',1,3,0,0,0.2,2002,1627,0,0,369,6,30000,0,30000
'Simulation 35',1,3,0,0,0.2,1951,1557,0,0,380,14,30000,0,30000
'Simulation 36',1,3,0,0,0.2,2064,1564,0,0,491,9,30000,0,30000
'Simulation 37',1,3,0,0,0.2,1981,1569,0,0,395,17,30000,0,30000
'Simulation 38',1,3,0,0,0.2,2037,1613,0,0,412,12,30000,0,30000
'Simulation 39',1,3,0,0,0.2,1995,1641,0,0,349,5,30000,0,30000
'Simulation 40',1,3,0,0,0.2,1987,1620,0,0,357,10,30000,0,30000
'AveragedSim',1,3.0,0.0,0.0,0.2,1989.7,1582.2,0.0,0.0,396.65,10.85,30000.0,0.0,30000.0
'Simulation 41',1,3,0,0,0.5,4977,1841,0,0,3093,43,30000,0,30000
'Simulation 42',1,3,0,0,0.5,4951,2071,0,0,2844,36,30000,0,30000
'Simulation 43',1,3,0,0,0.5,4936,2117,0,0,2781,38,30000,0,30000
'Simulation 44',1,3,0,0,0.5,5073,2049,0,0,2983,41,30000,0,30000
'Simulation 45',1,3,0,0,0.5,5055,2023,0,0,2984,48,30000,0,30000
'Simulation 46',1,3,0,0,0.5,5052,2030,0,0,2976,46,30000,0,30000
'Simulation 47',1,3,0,0,0.5,4949,1946,0,0,2958,45,30000,0,30000
'Simulation 48',1,3,0,0,0.5,5050,2204,0,0,2810,36,30000,0,30000
'Simulation 49',1,3,0,0,0.5,4993,2087,0,0,2872,34,30000,0,30000
'Simulation 50',1,3,0,0,0.5,5024,1964,0,0,3017,43,30000,0,30000
'Simulation 51',1,3,0,0,0.5,4988,2056,0,0,2895,37,30000,0,30000
'Simulation 52',1,3,0,0,0.5,5018,2206,0,0,2776,36,30000,0,30000
'Simulation 53',1,3,0,0,0.5,4985,2158,0,0,2778,49,30000,0,30000
'Simulation 54',1,3,0,0,0.5,5085,2023,0,0,3025,37,30000,0,30000
'Simulation 55',1,3,0,0,0.5,5001,2021,0,0,2939,41,30000,0,30000
'Simulation 56',1,3,0,0,0.5,4988,2056,0,0,2895,37,30000,0,30000
'Simulation 57',1,3,0,0,0.5,4931,2193,0,0,2705,33,30000,0,30000
'Simulation 58',1,3,0,0,0.5,4960,1895,0,0,3034,31,30000,0,30000
'Simulation 59',1,3,0,0,0.5,5092,2222,0,0,2823,47,30000,0,30000
'Simulation 60',1,3,0,0,0.5,5065,2056,0,0,2970,39,30000,0,30000
'AveragedSim',1,3.0,0.0,0.0,0.5,5008.65,2060.9,0.0,0.0,2907.9,39.85,30000.0,0.0,30000.0
'Simulation 61',1,4,0,0,0.15,1458,1445,0,0,9,4,40000,0,40000
'Simulation 62',1,4,0,0,0.15,1475,1446,0,0,23,6,40000,0,40000
'Simulation 63',1,4,0,0,0.15,1516,1484,0,0,28,4,40000,0,40000
'Simulation 64',1,4,0,0,0.15,1522,1485,0,0,30,7,40000,0,40000
'Simulation 65',1,4,0,0,0.15,1464,1448,0,0,8,8,40000,0,40000
'Simulation 66',1,4,0,0,0.15,1483,1464,0,0,13,6,40000,0,40000
'Simulation 67',1,4,0,0,0.15,1548,1519,0,0,22,7,40000,0,40000
'Simulation 68',1,4,0,0,0.15,1448,1433,0,0,9,6,40000,0,40000
'Simulation 69',1,4,0,0,0.15,1517,1495,0,0,14,8,40000,0,40000
'Simulation 70',1,4,0,0,0.15,1467,1445,0,0,18,4,40000,0,40000
'Simulation 71',1,4,0,0,0.15,1484,1443,0,0,32,9,40000,0,40000
'Simulation 72',1,4,0,0,0.15,1482,1448,0,0,25,9,40000,0,40000
'Simulation 73',1,4,0,0,0.15,1430,1416,0,0,12,2,40000,0,40000
'Simulation 74',1,4,0,0,0.15,1471,1440,0,0,27,4,40000,0,40000
'Simulation 75',1,4,0,0,0.15,1535,1513,0,0,15,7,40000,0,40000
'Simulation 76',1,4,0,0,0.15,1496,1481,0,0,12,3,40000,0,40000
'Simulation 77',1,4,0,0,0.15,1459,1434,0,0,19,6,40000,0,40000
'Simulation 78',1,4,0,0,0.15,1491,1464,0,0,22,5,40000,0,40000
'Simulation 79',1,4,0,0,0.15,1569,1538,0,0,24,7,40000,0,40000
'Simulation 80',1,4,0,0,0.15,1441,1412,0,0,23,6,40000,0,40000
'AveragedSim',1,4.0,0.0,0.0,0.15,1487.8,1462.65,0.0,0.0,19.25,5.9,40000.0,0.0,40000.0
'Simulation 81',1,4,0,0,0.2,2047,1908,0,0,129,10,40000,0,40000
'Simulation 82',1,4,0,0,0.2,1952,1831,0,0,115,6,40000,0,40000
'Simulation 83',1,4,0,0,0.2,2002,1870,0,0,128,4,40000,0,40000
'Simulation 84',1,4,0,0,0.2,2015,1861,0,0,139,15,40000,0,40000
'Simulation 85',1,4,0,0,0.2,1976,1846,0,0,122,8,40000,0,40000
'Simulation 86',1,4,0,0,0.2,2065,1897,0,0,161,7,40000,0,40000
'Simulation 87',1,4,0,0,0.2,2011,1810,0,0,189,12,40000,0,40000
'Simulation 88',1,4,0,0,0.2,1961,1871,0,0,79,11,40000,0,40000
'Simulation 89',1,4,0,0,0.2,1990,1802,0,0,175,13,40000,0,40000
'Simulation 90',1,4,0,0,0.2,2013,1876,0,0,126,11,40000,0,40000
'Simulation 91',1,4,0,0,0.2,2011,1850,0,0,153,8,40000,0,40000
'Simulation 92',1,4,0,0,0.2,2082,1888,0,0,186,8,40000,0,40000
'Simulation 93',1,4,0,0,0.2,2016,1836,0,0,170,10,40000,0,40000
'Simulation 94',1,4,0,0,0.2,1974,1847,0,0,121,6,40000,0,40000
'Simulation 95',1,4,0,0,0.2,2002,1877,0,0,119,6,40000,0,40000
'Simulation 96',1,4,0,0,0.2,1968,1856,0,0,100,12,40000,0,40000
'Simulation 97',1,4,0,0,0.2,2065,1897,0,0,161,7,40000,0,40000
'Simulation 98',1,4,0,0,0.2,2052,1905,0,0,133,14,40000,0,40000
'Simulation 99',1,4,0,0,0.2,1995,1862,0,0,124,9,40000,0,40000
'Simulation 100',1,4,0,0,0.2,1971,1790,0,0,173,8,40000,0,40000
'AveragedSim',1,4.0,0.0,0.0,0.2,2008.4,1859.0,0.0,0.0,140.15,9.25,40000.0,0.0,40000.0
'Simulation 101',1,4,0,0,0.5,5026,2686,0,0,2297,43,40000,0,40000
'Simulation 102',1,4,0,0,0.5,4947,2434,0,0,2471,42,40000,0,40000
'Simulation 103',1,4,0,0,0.5,5059,2527,0,0,2499,33,40000,0,40000
'Simulation 104',1,4,0,0,0.5,5027,2767,0,0,2224,36,40000,0,40000
'Simulation 105',1,4,0,0,0.5,4947,2484,0,0,2427,36,40000,0,40000
'Simulation 106',1,4,0,0,0.5,4891,2514,0,0,2345,32,40000,0,40000
'Simulation 107',1,4,0,0,0.5,5044,2951,0,0,2068,25,40000,0,40000
'Simulation 108',1,4,0,0,0.5,5020,2368,0,0,2613,39,40000,0,40000
'Simulation 109',1,4,0,0,0.5,5093,2616,0,0,2440,37,40000,0,40000
'Simulation 110',1,4,0,0,0.5,5027,2712,0,0,2274,41,40000,0,40000
'Simulation 111',1,4,0,0,0.5,4933,2768,0,0,2132,33,40000,0,40000
'Simulation 112',1,4,0,0,0.5,5046,2749,0,0,2253,44,40000,0,40000
'Simulation 113',1,4,0,0,0.5,5001,2721,0,0,2247,33,40000,0,40000
'Simulation 114',1,4,0,0,0.5,4961,2696,0,0,2230,35,40000,0,40000
'Simulation 115',1,4,0,0,0.5,5113,2405,0,0,2668,40,40000,0,40000
'Simulation 116',1,4,0,0,0.5,5083,2580,0,0,2470,33,40000,0,40000
'Simulation 117',1,4,0,0,0.5,4972,2752,0,0,2199,21,40000,0,40000
'Simulation 118',1,4,0,0,0.5,4915,2635,0,0,2247,33,40000,0,40000
'Simulation 119',1,4,0,0,0.5,4956,2571,0,0,2342,43,40000,0,40000
'Simulation 120',1,4,0,0,0.5,4966,2776,0,0,2160,30,40000,0,40000
'AveragedSim',1,4.0,0.0,0.0,0.5,5001.35,2635.6,0.0,0.0,2330.3,35.45,40000.0,0.0,40000.0
'Simulation 121',1,5,0,0,0.15,1455,1451,0,0,1,3,50000,0,50000
'Simulation 122',1,5,0,0,0.15,1488,1481,0,0,1,6,50000,0,50000
'Simulation 123',1,5,0,0,0.15,1483,1475,0,0,5,3,50000,0,50000
'Simulation 124',1,5,0,0,0.15,1494,1489,0,0,4,1,50000,0,50000
'Simulation 125',1,5,0,0,0.15,1518,1512,0,0,1,5,50000,0,50000
'Simulation 126',1,5,0,0,0.15,1507,1504,0,0,1,2,50000,0,50000
'Simulation 127',1,5,0,0,0.15,1534,1526,0,0,2,6,50000,0,50000
'Simulation 128',1,5,0,0,0.15,1497,1489,0,0,3,5,50000,0,50000
'Simulation 129',1,5,0,0,0.15,1461,1459,0,0,0,2,50000,0,50000
'Simulation 130',1,5,0,0,0.15,1514,1505,0,0,2,7,50000,0,50000
'Simulation 131',1,5,0,0,0.15,1531,1525,0,0,1,5,50000,0,50000
'Simulation 132',1,5,0,0,0.15,1506,1500,0,0,2,4,50000,0,50000
'Simulation 133',1,5,0,0,0.15,1438,1429,0,0,4,5,50000,0,50000
'Simulation 134',1,5,0,0,0.15,1473,1463,0,0,2,8,50000,0,50000
'Simulation 135',1,5,0,0,0.15,1472,1458,0,0,6,8,50000,0,50000
'Simulation 136',1,5,0,0,0.15,1548,1545,0,0,1,2,50000,0,50000
'Simulation 137',1,5,0,0,0.15,1511,1508,0,0,0,3,50000,0,50000
'Simulation 138',1,5,0,0,0.15,1479,1473,0,0,3,3,50000,0,50000
'Simulation 139',1,5,0,0,0.15,1566,1558,0,0,1,7,50000,0,50000
'Simulation 140',1,5,0,0,0.15,1492,1483,0,0,3,6,50000,0,50000
'AveragedSim',1,5.0,0.0,0.0,0.15,1498.35,1491.65,0.0,0.0,2.15,4.55,50000.0,0.0,50000.0
'Simulation 141',1,5,0,0,0.2,2023,1974,0,0,44,5,50000,0,50000
'Simulation 142',1,5,0,0,0.2,2034,1990,0,0,36,8,50000,0,50000
'Simulation 143',1,5,0,0,0.2,1985,1959,0,0,20,6,50000,0,50000
'Simulation 144',1,5,0,0,0.2,1986,1952,0,0,29,5,50000,0,50000
'Simulation 145',1,5,0,0,0.2,2002,1972,0,0,21,9,50000,0,50000
'Simulation 146',1,5,0,0,0.2,1987,1948,0,0,36,3,50000,0,50000
'Simulation 147',1,5,0,0,0.2,1979,1960,0,0,12,7,50000,0,50000
'Simulation 148',1,5,0,0,0.2,2063,2023,0,0,33,7,50000,0,50000
'Simulation 149',1,5,0,0,0.2,2006,1981,0,0,18,7,50000,0,50000
'Simulation 150',1,5,0,0,0.2,2024,1991,0,0,22,11,50000,0,50000
'Simulation 151',1,5,0,0,0.2,1985,1937,0,0,41,7,50000,0,50000
'Simulation 152',1,5,0,0,0.2,2000,1958,0,0,32,10,50000,0,50000
'Simulation 153',1,5,0,0,0.2,2088,2031,0,0,50,7,50000,0,50000
'Simulation 154',1,5,0,0,0.2,1961,1932,0,0,20,9,50000,0,50000
'Simulation 155',1,5,0,0,0.2,1978,1947,0,0,28,3,50000,0,50000
'Simulation 156',1,5,0,0,0.2,1996,1973,0,0,14,9,50000,0,50000
'Simulation 157',1,5,0,0,0.2,1966,1938,0,0,22,6,50000,0,50000
'Simulation 158',1,5,0,0,0.2,2056,2024,0,0,28,4,50000,0,50000
'Simulation 159',1,5,0,0,0.2,2012,1978,0,0,26,8,50000,0,50000
'Simulation 160',1,5,0,0,0.2,2037,2001,0,0,30,6,50000,0,50000
'AveragedSim',1,5.0,0.0,0.0,0.2,2008.4,1973.45,0.0,0.0,28.1,6.85,50000.0,0.0,50000.0
'Simulation 161',1,5,0,0,0.5,5018,3151,0,0,1833,34,50000,0,50000
'Simulation 162',1,5,0,0,0.5,5075,3236,0,0,1806,33,50000,0,50000
'Simulation 163',1,5,0,0,0.5,4991,3143,0,0,1817,31,50000,0,50000
'Simulation 164',1,5,0,0,0.5,4975,3224,0,0,1727,24,50000,0,50000
'Simulation 165',1,5,0,0,0.5,4951,3373,0,0,1553,25,50000,0,50000
'Simulation 166',1,5,0,0,0.5,4963,3045,0,0,1884,34,50000,0,50000
'Simulation 167',1,5,0,0,0.5,4987,3114,0,0,1845,28,50000,0,50000
'Simulation 168',1,5,0,0,0.5,5028,3259,0,0,1740,29,50000,0,50000
'Simulation 169',1,5,0,0,0.5,4905,3108,0,0,1756,41,50000,0,50000
'Simulation 170',1,5,0,0,0.5,5098,3025,0,0,2044,29,50000,0,50000
'Simulation 171',1,5,0,0,0.5,5029,3440,0,0,1561,28,50000,0,50000
'Simulation 172',1,5,0,0,0.5,4913,3027,0,0,1845,41,50000,0,50000
'Simulation 173',1,5,0,0,0.5,4990,3207,0,0,1749,34,50000,0,50000
'Simulation 174',1,5,0,0,0.5,4980,3221,0,0,1729,30,50000,0,50000
'Simulation 175',1,5,0,0,0.5,5087,3417,0,0,1637,33,50000,0,50000
'Simulation 176',1,5,0,0,0.5,5017,3355,0,0,1644,18,50000,0,50000
'Simulation 177',1,5,0,0,0.5,4979,3130,0,0,1805,44,50000,0,50000
'Simulation 178',1,5,0,0,0.5,4972,3221,0,0,1724,27,50000,0,50000
'Simulation 179',1,5,0,0,0.5,5083,2949,0,0,2104,30,50000,0,50000
'Simulation 180',1,5,0,0,0.5,4917,3402,0,0,1490,25,50000,0,50000
'AveragedSim',1,5.0,0.0,0.0,0.5,4997.9,3202.35,0.0,0.0,1764.65,30.9,50000.0,0.0,50000.0
'Simulation 181',1,6,0,0,0.15,1472,1465,0,0,1,6,60000,0,60000
'Simulation 182',1,6,0,0,0.15,1466,1458,0,0,0,8,60000,0,60000
'Simulation 183',1,6,0,0,0.15,1532,1528,0,0,0,4,60000,0,60000
'Simulation 184',1,6,0,0,0.15,1438,1433,0,0,0,5,60000,0,60000
'Simulation 185',1,6,0,0,0.15,1454,1450,0,0,0,4,60000,0,60000
'Simulation 186',1,6,0,0,0.15,1483,1479,0,0,0,4,60000,0,60000
'Simulation 187',1,6,0,0,0.15,1480,1477,0,0,1,2,60000,0,60000
'Simulation 188',1,6,0,0,0.15,1530,1526,0,0,0,4,60000,0,60000
'Simulation 189',1,6,0,0,0.15,1487,1481,0,0,0,6,60000,0,60000
'Simulation 190',1,6,0,0,0.15,1524,1518,0,0,1,5,60000,0,60000
'Simulation 191',1,6,0,0,0.15,1483,1479,0,0,0,4,60000,0,60000
'Simulation 192',1,6,0,0,0.15,1501,1495,0,0,0,6,60000,0,60000
'Simulation 193',1,6,0,0,0.15,1499,1497,0,0,0,2,60000,0,60000
'Simulation 194',1,6,0,0,0.15,1494,1489,0,0,0,5,60000,0,60000
'Simulation 195',1,6,0,0,0.15,1527,1521,0,0,0,6,60000,0,60000
'Simulation 196',1,6,0,0,0.15,1518,1510,0,0,0,8,60000,0,60000
'Simulation 197',1,6,0,0,0.15,1474,1471,0,0,0,3,60000,0,60000
'Simulation 198',1,6,0,0,0.15,1464,1459,0,0,0,5,60000,0,60000
'Simulation 199',1,6,0,0,0.15,1472,1466,0,0,0,6,60000,0,60000
'Simulation 200',1,6,0,0,0.15,1437,1433,0,0,0,4,60000,0,60000
'AveragedSim',1,6.0,0.0,0.0,0.15,1486.75,1481.75,0.0,0.0,0.15,4.85,60000.0,0.0,60000.0
'Simulation 201',1,6,0,0,0.2,2026,2015,0,0,5,6,60000,0,60000
'Simulation 202',1,6,0,0,0.2,2031,2021,0,0,4,6,60000,0,60000
'Simulation 203',1,6,0,0,0.2,1939,1925,0,0,5,9,60000,0,60000
'Simulation 204',1,6,0,0,0.2,1961,1950,0,0,0,11,60000,0,60000
'Simulation 205',1,6,0,0,0.2,1971,1960,0,0,2,9,60000,0,60000
'Simulation 206',1,6,0,0,0.2,1950,1947,0,0,2,1,60000,0,60000
'Simulation 207',1,6,0,0,0.2,1987,1974,0,0,4,9,60000,0,60000
'Simulation 208',1,6,0,0,0.2,1989,1983,0,0,2,4,60000,0,60000
'Simulation 209',1,6,0,0,0.2,2026,2020,0,0,3,3,60000,0,60000
'Simulation 210',1,6,0,0,0.2,2038,2027,0,0,5,6,60000,0,60000
'Simulation 211',1,6,0,0,0.2,1993,1987,0,0,1,5,60000,0,60000
'Simulation 212',1,6,0,0,0.2,1975,1963,0,0,6,6,60000,0,60000
'Simulation 213',1,6,0,0,0.2,1997,1990,0,0,1,6,60000,0,60000
'Simulation 214',1,6,0,0,0.2,1998,1988,0,0,4,6,60000,0,60000
'Simulation 215',1,6,0,0,0.2,2053,2046,0,0,4,3,60000,0,60000
'Simulation 216',1,6,0,0,0.2,2020,2012,0,0,4,4,60000,0,60000
'Simulation 217',1,6,0,0,0.2,2015,2006,0,0,3,6,60000,0,60000
'Simulation 218',1,6,0,0,0.2,2021,2003,0,0,4,14,60000,0,60000
'Simulation 219',1,6,0,0,0.2,1961,1949,0,0,5,7,60000,0,60000
'Simulation 220',1,6,0,0,0.2,1939,1925,0,0,5,9,60000,0,60000
'AveragedSim',1,6.0,0.0,0.0,0.2,1994.5,1984.55,0.0,0.0,3.45,6.5,60000.0,0.0,60000.0
'Simulation 221',1,6,0,0,0.5,5082,3495,0,0,1562,25,60000,0,60000
'Simulation 222',1,6,0,0,0.5,5020,3795,0,0,1188,37,60000,0,60000
'Simulation 223',1,6,0,0,0.5,5083,3798,0,0,1256,29,60000,0,60000
'Simulation 224',1,6,0,0,0.5,4963,3587,0,0,1352,24,60000,0,60000
'Simulation 225',1,6,0,0,0.5,4881,3796,0,0,1057,28,60000,0,60000
'Simulation 226',1,6,0,0,0.5,5004,3548,0,0,1423,33,60000,0,60000
'Simulation 227',1,6,0,0,0.5,4867,3835,0,0,1008,24,60000,0,60000
'Simulation 228',1,6,0,0,0.5,4924,3641,0,0,1258,25,60000,0,60000
'Simulation 229',1,6,0,0,0.5,5013,3792,0,0,1182,39,60000,0,60000
'Simulation 230',1,6,0,0,0.5,5021,3814,0,0,1184,23,60000,0,60000
'Simulation 231',1,6,0,0,0.5,5070,3515,0,0,1530,25,60000,0,60000
'Simulation 232',1,6,0,0,0.5,4981,4025,0,0,930,26,60000,0,60000
'Simulation 233',1,6,0,0,0.5,5016,3730,0,0,1266,20,60000,0,60000
'Simulation 234',1,6,0,0,0.5,5026,3879,0,0,1126,21,60000,0,60000
'Simulation 235',1,6,0,0,0.5,4935,3737,0,0,1175,23,60000,0,60000
'Simulation 236',1,6,0,0,0.5,4977,3634,0,0,1322,21,60000,0,60000
'Simulation 237',1,6,0,0,0.5,5018,3571,0,0,1414,33,60000,0,60000
'Simulation 238',1,6,0,0,0.5,4975,3807,0,0,1146,22,60000,0,60000
'Simulation 239',1,6,0,0,0.5,5091,3550,0,0,1513,28,60000,0,60000
'Simulation 240',1,6,0,0,0.5,4939,3708,0,0,1199,32,60000,0,60000
'AveragedSim',1,6.0,0.0,0.0,0.5,4994.3,3712.85,0.0,0.0,1254.55,26.9,60000.0,0.0,60000.0
'Simulation 241',2,3,0,0,0.15,1465,698,0,0,753,14,30000,0,30000
'Simulation 242',2,3,0,0,0.15,1419,701,0,0,705,13,30000,0,30000
'Simulation 243',2,3,0,0,0.15,1547,640,0,0,883,24,30000,0,30000
'Simulation 244',2,3,0,0,0.15,1503,635,0,0,852,16,30000,0,30000
'Simulation 245',2,3,0,0,0.15,1426,741,0,0,671,14,30000,0,30000
'Simulation 246',2,3,0,0,0.15,1522,655,0,0,846,21,30000,0,30000
'Simulation 247',2,3,0,0,0.15,1533,663,0,0,858,12,30000,0,30000
'Simulation 248',2,3,0,0,0.15,1579,749,0,0,808,22,30000,0,30000
'Simulation 249',2,3,0,0,0.15,1530,632,0,0,885,13,30000,0,30000
'Simulation 250',2,3,0,0,0.15,1493,657,0,0,823,13,30000,0,30000
'Simulation 251',2,3,0,0,0.15,1579,749,0,0,808,22,30000,0,30000
'Simulation 252',2,3,0,0,0.15,1478,665,0,0,793,20,30000,0,30000
'Simulation 253',2,3,0,0,0.15,1502,773,0,0,711,18,30000,0,30000
'Simulation 254',2,3,0,0,0.15,1478,709,0,0,753,16,30000,0,30000
'Simulation 255',2,3,0,0,0.15,1540,724,0,0,801,15,30000,0,30000
'Simulation 256',2,3,0,0,0.15,1525,650,0,0,860,15,30000,0,30000
'Simulation 257',2,3,0,0,0.15,1450,801,0,0,632,17,30000,0,30000
'Simulation 258',2,3,0,0,0.15,1510,720,0,0,773,17,30000,0,30000
'Simulation 259',2,3,0,0,0.15,1522,769,0,0,740,13,30000,0,30000
'Simulation 260',2,3,0,0,0.15,1529,739,0,0,779,11,30000,0,30000
'AveragedSim',2,3.0,0.0,0.0,0.15,1506.5,703.5,0.0,0.0,786.7,16.3,30000.0,0.0,30000.0
'Simulation 261',2,3,0,0,0.2,2040,508,0,0,1513,19,30000,0,30000
'Simulation 262',2,3,0,0,0.2,2028,487,0,0,1521,20,30000,0,30000
'Simulation 263',2,3,0,0,0.2,1983,537,0,0,1430,16,30000,0,30000
'Simulation 264',2,3,0,0,0.2,2049,522,0,0,1511,16,30000,0,30000
'Simulation 265',2,3,0,0,0.2,2057,490,0,0,1547,20,30000,0,30000
'Simulation 266',2,3,0,0,0.2,2055,477,0,0,1552,26,30000,0,30000
'Simulation 267',2,3,0,0,0.2,1975,577,0,0,1381,17,30000,0,30000
'Simulation 268',2,3,0,0,0.2,2007,533,0,0,1458,16,30000,0,30000
'Simulation 269',2,3,0,0,0.2,1998,473,0,0,1507,18,30000,0,30000
'Simulation 270',2,3,0,0,0.2,2057,469,0,0,1563,25,30000,0,30000
'Simulation 271',2,3,0,0,0.2,1962,524,0,0,1423,15,30000,0,30000
'Simulation 272',2,3,0,0,0.2,2002,525,0,0,1444,33,30000,0,30000
'Simulation 273',2,3,0,0,0.2,1968,551,0,0,1401,16,30000,0,30000
'Simulation 274',2,3,0,0,0.2,1930,529,0,0,1388,13,30000,0,30000
'Simulation 275',2,3,0,0,0.2,1983,537,0,0,1430,16,30000,0,30000
'Simulation 276',2,3,0,0,0.2,2071,504,0,0,1549,18,30000,0,30000
'Simulation 277',2,3,0,0,0.2,2014,558,0,0,1437,19,30000,0,30000
'Simulation 278',2,3,0,0,0.2,1989,586,0,0,1377,26,30000,0,30000
'Simulation 279',2,3,0,0,0.2,1992,492,0,0,1479,21,30000,0,30000
'Simulation 280',2,3,0,0,0.2,1942,540,0,0,1378,24,30000,0,30000
'AveragedSim',2,3.0,0.0,0.0,0.2,2005.1,520.95,0.0,0.0,1464.45,19.7,30000.0,0.0,30000.0
'Simulation 281',2,3,0,0,0.5,4989,247,0,0,4687,55,30000,0,30000
'Simulation 282',2,3,0,0,0.5,5068,209,0,0,4805,54,30000,0,30000
'Simulation 283',2,3,0,0,0.5,4974,232,0,0,4693,49,30000,0,30000
'Simulation 284',2,3,0,0,0.5,5090,260,0,0,4765,65,30000,0,30000
'Simulation 285',2,3,0,0,0.5,5000,242,0,0,4695,63,30000,0,30000
'Simulation 286',2,3,0,0,0.5,4999,241,0,0,4699,59,30000,0,30000
'Simulation 287',2,3,0,0,0.5,5091,256,0,0,4778,57,30000,0,30000
'Simulation 288',2,3,0,0,0.5,5028,298,0,0,4677,53,30000,0,30000
'Simulation 289',2,3,0,0,0.5,4921,232,0,0,4638,51,30000,0,30000
'Simulation 290',2,3,0,0,0.5,4968,255,0,0,4650,63,30000,0,30000
'Simulation 291',2,3,0,0,0.5,5023,253,0,0,4720,50,30000,0,30000
'Simulation 292',2,3,0,0,0.5,5065,212,0,0,4790,63,30000,0,30000
'Simulation 293',2,3,0,0,0.5,4992,250,0,0,4685,57,30000,0,30000
'Simulation 294',2,3,0,0,0.5,5033,258,0,0,4713,62,30000,0,30000
'Simulation 295',2,3,0,0,0.5,5018,219,0,0,4737,62,30000,0,30000
'Simulation 296',2,3,0,0,0.5,5073,247,0,0,4776,50,30000,0,30000
'Simulation 297',2,3,0,0,0.5,5044,246,0,0,4742,56,30000,0,30000
'Simulation 298',2,3,0,0,0.5,5070,203,0,0,4812,55,30000,0,30000
'Simulation 299',2,3,0,0,0.5,5014,227,0,0,4733,54,30000,0,30000
'Simulation 300',2,3,0,0,0.5,4900,202,0,0,4643,55,30000,0,30000
'AveragedSim',2,3.0,0.0,0.0,0.5,5018.0,239.45,0.0,0.0,4721.9,56.65,30000.0,0.0,30000.0
'Simulation 301',2,4,0,0,0.15,1486,1134,0,0,343,9,40000,0,40000
'Simulation 302',2,4,0,0,0.15,1537,1132,0,0,396,9,40000,0,40000
'Simulation 303',2,4,0,0,0.15,1528,1261,0,0,260,7,40000,0,40000
'Simulation 304',2,4,0,0,0.15,1555,1165,0,0,382,8,40000,0,40000
'Simulation 305',2,4,0,0,0.15,1455,1329,0,0,114,12,40000,0,40000
'Simulation 306',2,4,0,0,0.15,1509,1255,0,0,244,10,40000,0,40000
'Simulation 307',2,4,0,0,0.15,1505,1243,0,0,241,21,40000,0,40000
'Simulation 308',2,4,0,0,0.15,1514,1265,0,0,235,14,40000,0,40000
'Simulation 309',2,4,0,0,0.15,1478,1245,0,0,221,12,40000,0,40000
'Simulation 310',2,4,0,0,0.15,1491,1176,0,0,311,4,40000,0,40000
'Simulation 311',2,4,0,0,0.15,1418,1253,0,0,152,13,40000,0,40000
'Simulation 312',2,4,0,0,0.15,1499,1317,0,0,169,13,40000,0,40000
'Simulation 313',2,4,0,0,0.15,1498,1346,0,0,138,14,40000,0,40000
'Simulation 314',2,4,0,0,0.15,1473,1265,0,0,186,22,40000,0,40000
'Simulation 315',2,4,0,0,0.15,1424,1177,0,0,242,5,40000,0,40000
'Simulation 316',2,4,0,0,0.15,1572,1135,0,0,428,9,40000,0,40000
'Simulation 317',2,4,0,0,0.15,1518,1283,0,0,226,9,40000,0,40000
'Simulation 318',2,4,0,0,0.15,1496,1276,0,0,205,15,40000,0,40000
'Simulation 319',2,4,0,0,0.15,1548,1181,0,0,349,18,40000,0,40000
'Simulation 320',2,4,0,0,0.15,1546,1218,0,0,318,10,40000,0,40000
'AveragedSim',2,4.0,0.0,0.0,0.15,1502.5,1232.8,0.0,0.0,258.0,11.7,40000.0,0.0,40000.0
'Simulation 321',2,4,0,0,0.2,2055,871,0,0,1163,21,40000,0,40000
'Simulation 322',2,4,0,0,0.2,1987,841,0,0,1129,17,40000,0,40000
'Simulation 323',2,4,0,0,0.2,2005,1005,0,0,984,16,40000,0,40000
'Simulation 324',2,4,0,0,0.2,2057,856,0,0,1171,30,40000,0,40000
'Simulation 325',2,4,0,0,0.2,1985,926,0,0,1033,26,40000,0,40000
'Simulation 326',2,4,0,0,0.2,1996,992,0,0,982,22,40000,0,40000
'Simulation 327',2,4,0,0,0.2,2032,849,0,0,1166,17,40000,0,40000
'Simulation 328',2,4,0,0,0.2,2025,876,0,0,1129,20,40000,0,40000
'Simulation 329',2,4,0,0,0.2,1967,951,0,0,1000,16,40000,0,40000
'Simulation 330',2,4,0,0,0.2,1962,869,0,0,1074,19,40000,0,40000
'Simulation 331',2,4,0,0,0.2,1974,934,0,0,1016,24,40000,0,40000
'Simulation 332',2,4,0,0,0.2,1971,929,0,0,1021,21,40000,0,40000
'Simulation 333',2,4,0,0,0.2,2001,898,0,0,1082,21,40000,0,40000
'Simulation 334',2,4,0,0,0.2,2018,916,0,0,1084,18,40000,0,40000
'Simulation 335',2,4,0,0,0.2,1979,890,0,0,1076,13,40000,0,40000
'Simulation 336',2,4,0,0,0.2,1979,906,0,0,1054,19,40000,0,40000
'Simulation 337',2,4,0,0,0.2,1958,825,0,0,1114,19,40000,0,40000
'Simulation 338',2,4,0,0,0.2,2013,901,0,0,1090,22,40000,0,40000
'Simulation 339',2,4,0,0,0.2,1994,1024,0,0,952,18,40000,0,40000
'Simulation 340',2,4,0,0,0.2,2060,925,0,0,1120,15,40000,0,40000
'AveragedSim',2,4.0,0.0,0.0,0.2,2000.9,909.2,0.0,0.0,1072.0,19.7,40000.0,0.0,40000.0
'Simulation 341',2,4,0,0,0.5,4953,369,0,0,4523,61,40000,0,40000
'Simulation 342',2,4,0,0,0.5,5089,364,0,0,4670,55,40000,0,40000
'Simulation 343',2,4,0,0,0.5,5078,334,0,0,4695,49,40000,0,40000
'Simulation 344',2,4,0,0,0.5,4994,414,0,0,4534,46,40000,0,40000
'Simulation 345',2,4,0,0,0.5,5012,358,0,0,4594,60,40000,0,40000
'Simulation 346',2,4,0,0,0.5,4966,369,0,0,4540,57,40000,0,40000
'Simulation 347',2,4,0,0,0.5,4947,373,0,0,4508,66,40000,0,40000
'Simulation 348',2,4,0,0,0.5,5057,393,0,0,4603,61,40000,0,40000
'Simulation 349',2,4,0,0,0.5,4990,382,0,0,4559,49,40000,0,40000
'Simulation 350',2,4,0,0,0.5,4974,392,0,0,4537,45,40000,0,40000
'Simulation 351',2,4,0,0,0.5,5033,358,0,0,4616,59,40000,0,40000
'Simulation 352',2,4,0,0,0.5,4955,444,0,0,4445,66,40000,0,40000
'Simulation 353',2,4,0,0,0.5,5089,353,0,0,4673,63,40000,0,40000
'Simulation 354',2,4,0,0,0.5,5105,372,0,0,4677,56,40000,0,40000
'Simulation 355',2,4,0,0,0.5,4983,358,0,0,4578,47,40000,0,40000
'Simulation 356',2,4,0,0,0.5,5025,344,0,0,4629,52,40000,0,40000
'Simulation 357',2,4,0,0,0.5,5079,409,0,0,4614,56,40000,0,40000
'Simulation 358',2,4,0,0,0.5,5078,370,0,0,4657,51,40000,0,40000
'Simulation 359',2,4,0,0,0.5,5048,371,0,0,4628,49,40000,0,40000
'Simulation 360',2,4,0,0,0.5,5064,420,0,0,4588,56,40000,0,40000
'AveragedSim',2,4.0,0.0,0.0,0.5,5025.95,377.35,0.0,0.0,4593.4,55.2,40000.0,0.0,40000.0
'Simulation 361',2,5,0,0,0.15,1540,1530,0,0,8,2,50000,0,50000
'Simulation 362',2,5,0,0,0.15,1496,1481,0,0,14,1,50000,0,50000
'Simulation 363',2,5,0,0,0.15,1504,1495,0,0,5,4,50000,0,50000
'Simulation 364',2,5,0,0,0.15,1499,1491,0,0,0,8,50000,0,50000
'Simulation 365',2,5,0,0,0.15,1468,1451,0,0,15,2,50000,0,50000
'Simulation 366',2,5,0,0,0.15,1436,1425,0,0,5,6,50000,0,50000
'Simulation 367',2,5,0,0,0.15,1468,1464,0,0,1,3,50000,0,50000
'Simulation 368',2,5,0,0,0.15,1436,1424,0,0,7,5,50000,0,50000
'Simulation 369',2,5,0,0,0.15,1568,1502,0,0,64,2,50000,0,50000
'Simulation 370',2,5,0,0,0.15,1531,1524,0,0,4,3,50000,0,50000
'Simulation 371',2,5,0,0,0.15,1552,1531,0,0,15,6,50000,0,50000
'Simulation 372',2,5,0,0,0.15,1492,1480,0,0,6,6,50000,0,50000
'Simulation 373',2,5,0,0,0.15,1492,1482,0,0,7,3,50000,0,50000
'Simulation 374',2,5,0,0,0.15,1471,1457,0,0,5,9,50000,0,50000
'Simulation 375',2,5,0,0,0.15,1490,1486,0,0,1,3,50000,0,50000
'Simulation 376',2,5,0,0,0.15,1496,1466,0,0,21,9,50000,0,50000
'Simulation 377',2,5,0,0,0.15,1540,1535,0,0,0,5,50000,0,50000
'Simulation 378',2,5,0,0,0.15,1533,1528,0,0,1,4,50000,0,50000
'Simulation 379',2,5,0,0,0.15,1489,1471,0,0,12,6,50000,0,50000
'Simulation 380',2,5,0,0,0.15,1468,1454,0,0,7,7,50000,0,50000
'AveragedSim',2,5.0,0.0,0.0,0.15,1498.45,1483.85,0.0,0.0,9.9,4.7,50000.0,0.0,50000.0
'Simulation 381',2,5,0,0,0.2,2009,1412,0,0,579,18,50000,0,50000
'Simulation 382',2,5,0,0,0.2,1975,1293,0,0,661,21,50000,0,50000
'Simulation 383',2,5,0,0,0.2,2017,1441,0,0,548,28,50000,0,50000
'Simulation 384',2,5,0,0,0.2,1957,1533,0,0,409,15,50000,0,50000
'Simulation 385',2,5,0,0,0.2,1969,1495,0,0,451,23,50000,0,50000
'Simulation 386',2,5,0,0,0.2,2021,1500,0,0,501,20,50000,0,50000
'Simulation 387',2,5,0,0,0.2,2011,1346,0,0,648,17,50000,0,50000
'Simulation 388',2,5,0,0,0.2,2018,1352,0,0,644,22,50000,0,50000
'Simulation 389',2,5,0,0,0.2,1991,1514,0,0,461,16,50000,0,50000
'Simulation 390',2,5,0,0,0.2,2045,1500,0,0,526,19,50000,0,50000
'Simulation 391',2,5,0,0,0.2,1954,1531,0,0,412,11,50000,0,50000
'Simulation 392',2,5,0,0,0.2,1973,1539,0,0,415,19,50000,0,50000
'Simulation 393',2,5,0,0,0.2,1972,1562,0,0,397,13,50000,0,50000
'Simulation 394',2,5,0,0,0.2,2058,1512,0,0,532,14,50000,0,50000
'Simulation 395',2,5,0,0,0.2,2045,1486,0,0,532,27,50000,0,50000
'Simulation 396',2,5,0,0,0.2,2041,1402,0,0,612,27,50000,0,50000
'Simulation 397',2,5,0,0,0.2,1929,1538,0,0,378,13,50000,0,50000
'Simulation 398',2,5,0,0,0.2,1979,1363,0,0,602,14,50000,0,50000
'Simulation 399',2,5,0,0,0.2,2005,1394,0,0,593,18,50000,0,50000
'Simulation 400',2,5,0,0,0.2,1936,1505,0,0,422,9,50000,0,50000
'AveragedSim',2,5.0,0.0,0.0,0.2,1995.25,1460.9,0.0,0.0,516.15,18.2,50000.0,0.0,50000.0
'Simulation 401',2,5,0,0,0.5,5029,485,0,0,4479,65,50000,0,50000
'Simulation 402',2,5,0,0,0.5,5009,531,0,0,4412,66,50000,0,50000
'Simulation 403',2,5,0,0,0.5,5071,513,0,0,4497,61,50000,0,50000
'Simulation 404',2,5,0,0,0.5,5034,541,0,0,4439,54,50000,0,50000
'Simulation 405',2,5,0,0,0.5,5034,532,0,0,4446,56,50000,0,50000
'Simulation 406',2,5,0,0,0.5,5013,537,0,0,4423,53,50000,0,50000
'Simulation 407',2,5,0,0,0.5,5019,674,0,0,4295,50,50000,0,50000
'Simulation 408',2,5,0,0,0.5,4931,596,0,0,4288,47,50000,0,50000
'Simulation 409',2,5,0,0,0.5,5002,600,0,0,4353,49,50000,0,50000
'Simulation 410',2,5,0,0,0.5,4935,556,0,0,4324,55,50000,0,50000
'Simulation 411',2,5,0,0,0.5,5029,536,0,0,4449,44,50000,0,50000
'Simulation 412',2,5,0,0,0.5,5016,574,0,0,4387,55,50000,0,50000
'Simulation 413',2,5,0,0,0.5,4992,474,0,0,4472,46,50000,0,50000
'Simulation 414',2,5,0,0,0.5,4963,540,0,0,4368,55,50000,0,50000
'Simulation 415',2,5,0,0,0.5,5038,537,0,0,4460,41,50000,0,50000
'Simulation 416',2,5,0,0,0.5,4974,481,0,0,4439,54,50000,0,50000
'Simulation 417',2,5,0,0,0.5,4903,627,0,0,4226,50,50000,0,50000
'Simulation 418',2,5,0,0,0.5,5098,589,0,0,4459,50,50000,0,50000
'Simulation 419',2,5,0,0,0.5,5053,546,0,0,4443,64,50000,0,50000
'Simulation 420',2,5,0,0,0.5,5045,573,0,0,4418,54,50000,0,50000
'AveragedSim',2,5.0,0.0,0.0,0.5,5009.4,552.1,0.0,0.0,4403.85,53.45,50000.0,0.0,50000.0
'Simulation 421',2,6,0,0,0.15,1524,1521,0,0,0,3,60000,0,60000
'Simulation 422',2,6,0,0,0.15,1529,1525,0,0,0,4,60000,0,60000
'Simulation 423',2,6,0,0,0.15,1471,1467,0,0,0,4,60000,0,60000
'Simulation 424',2,6,0,0,0.15,1450,1448,0,0,0,2,60000,0,60000
'Simulation 425',2,6,0,0,0.15,1522,1519,0,0,0,3,60000,0,60000
'Simulation 426',2,6,0,0,0.15,1467,1464,0,0,0,3,60000,0,60000
'Simulation 427',2,6,0,0,0.15,1459,1455,0,0,0,4,60000,0,60000
'Simulation 428',2,6,0,0,0.15,1452,1446,0,0,0,6,60000,0,60000
'Simulation 429',2,6,0,0,0.15,1476,1468,0,0,0,8,60000,0,60000
'Simulation 430',2,6,0,0,0.15,1446,1441,0,0,0,5,60000,0,60000
'Simulation 431',2,6,0,0,0.15,1507,1505,0,0,0,2,60000,0,60000
'Simulation 432',2,6,0,0,0.15,1539,1533,0,0,0,6,60000,0,60000
'Simulation 433',2,6,0,0,0.15,1462,1461,0,0,0,1,60000,0,60000
'Simulation 434',2,6,0,0,0.15,1513,1507,0,0,2,4,60000,0,60000
'Simulation 435',2,6,0,0,0.15,1549,1544,0,0,0,5,60000,0,60000
'Simulation 436',2,6,0,0,0.15,1459,1453,0,0,0,6,60000,0,60000
'Simulation 437',2,6,0,0,0.15,1488,1487,0,0,0,1,60000,0,60000
'Simulation 438',2,6,0,0,0.15,1487,1484,0,0,0,3,60000,0,60000
'Simulation 439',2,6,0,0,0.15,1544,1538,0,0,0,6,60000,0,60000
'Simulation 440',2,6,0,0,0.15,1477,1474,0,0,0,3,60000,0,60000
'AveragedSim',2,6.0,0.0,0.0,0.15,1491.05,1487.0,0.0,0.0,0.1,3.95,60000.0,0.0,60000.0
'Simulation 441',2,6,0,0,0.2,1961,1942,0,0,5,14,60000,0,60000
'Simulation 442',2,6,0,0,0.2,1999,1986,0,0,1,12,60000,0,60000
'Simulation 443',2,6,0,0,0.2,1891,1870,0,0,17,4,60000,0,60000
'Simulation 444',2,6,0,0,0.2,2117,1822,0,0,282,13,60000,0,60000
'Simulation 445',2,6,0,0,0.2,2036,1981,0,0,45,10,60000,0,60000
'Simulation 446',2,6,0,0,0.2,1978,1969,0,0,2,7,60000,0,60000
'Simulation 447',2,6,0,0,0.2,2043,1977,0,0,53,13,60000,0,60000
'Simulation 448',2,6,0,0,0.2,2019,1950,0,0,62,7,60000,0,60000
'Simulation 449',2,6,0,0,0.2,2040,1989,0,0,39,12,60000,0,60000
'Simulation 450',2,6,0,0,0.2,1947,1897,0,0,42,8,60000,0,60000
'Simulation 451',2,6,0,0,0.2,1995,1984,0,0,7,4,60000,0,60000
'Simulation 452',2,6,0,0,0.2,2015,1879,0,0,123,13,60000,0,60000
'Simulation 453',2,6,0,0,0.2,1999,1871,0,0,121,7,60000,0,60000
'Simulation 454',2,6,0,0,0.2,2037,1915,0,0,118,4,60000,0,60000
'Simulation 455',2,6,0,0,0.2,1975,1961,0,0,10,4,60000,0,60000
'Simulation 456',2,6,0,0,0.2,2019,1859,0,0,151,9,60000,0,60000
'Simulation 457',2,6,0,0,0.2,1998,1940,0,0,41,17,60000,0,60000
'Simulation 458',2,6,0,0,0.2,2070,1938,0,0,126,6,60000,0,60000
'Simulation 459',2,6,0,0,0.2,1991,1979,0,0,4,8,60000,0,60000
'Simulation 460',2,6,0,0,0.2,1967,1913,0,0,49,5,60000,0,60000
'AveragedSim',2,6.0,0.0,0.0,0.2,2004.85,1931.1,0.0,0.0,64.9,8.85,60000.0,0.0,60000.0
'Simulation 461',2,6,0,0,0.5,4934,762,0,0,4113,59,60000,0,60000
'Simulation 462',2,6,0,0,0.5,4976,687,0,0,4231,58,60000,0,60000
'Simulation 463',2,6,0,0,0.5,4907,688,0,0,4171,48,60000,0,60000
'Simulation 464',2,6,0,0,0.5,5024,761,0,0,4210,53,60000,0,60000
'Simulation 465',2,6,0,0,0.5,5008,687,0,0,4267,54,60000,0,60000
'Simulation 466',2,6,0,0,0.5,5013,692,0,0,4279,42,60000,0,60000
'Simulation 467',2,6,0,0,0.5,5136,822,0,0,4260,54,60000,0,60000
'Simulation 468',2,6,0,0,0.5,5021,756,0,0,4213,52,60000,0,60000
'Simulation 469',2,6,0,0,0.5,5056,811,0,0,4187,58,60000,0,60000
'Simulation 470',2,6,0,0,0.5,5058,748,0,0,4253,57,60000,0,60000
'Simulation 471',2,6,0,0,0.5,5013,843,0,0,4122,48,60000,0,60000
'Simulation 472',2,6,0,0,0.5,5023,701,0,0,4266,56,60000,0,60000
'Simulation 473',2,6,0,0,0.5,5002,664,0,0,4285,53,60000,0,60000
'Simulation 474',2,6,0,0,0.5,4998,698,0,0,4247,53,60000,0,60000
'Simulation 475',2,6,0,0,0.5,4932,835,0,0,4039,58,60000,0,60000
'Simulation 476',2,6,0,0,0.5,5007,704,0,0,4247,56,60000,0,60000
'Simulation 477',2,6,0,0,0.5,4984,797,0,0,4118,69,60000,0,60000
'Simulation 478',2,6,0,0,0.5,4993,678,0,0,4251,64,60000,0,60000
'Simulation 479',2,6,0,0,0.5,4989,696,0,0,4244,49,60000,0,60000
'Simulation 480',2,6,0,0,0.5,4936,795,0,0,4094,47,60000,0,60000
'AveragedSim',2,6.0,0.0,0.0,0.5,5000.5,741.25,0.0,0.0,4204.85,54.4,60000.0,0.0,60000.0
'Simulation 481',3,3,0,0,0.15,1473,704,0,0,753,16,30000,0,30000
'Simulation 482',3,3,0,0,0.15,1516,647,0,0,852,17,30000,0,30000
'Simulation 483',3,3,0,0,0.15,1565,638,0,0,915,12,30000,0,30000
'Simulation 484',3,3,0,0,0.15,1501,697,0,0,787,17,30000,0,30000
'Simulation 485',3,3,0,0,0.15,1487,695,0,0,781,11,30000,0,30000
'Simulation 486',3,3,0,0,0.15,1493,726,0,0,749,18,30000,0,30000
'Simulation 487',3,3,0,0,0.15,1521,672,0,0,830,19,30000,0,30000
'Simulation 488',3,3,0,0,0.15,1553,590,0,0,939,24,30000,0,30000
'Simulation 489',3,3,0,0,0.15,1501,656,0,0,821,24,30000,0,30000
'Simulation 490',3,3,0,0,0.15,1480,742,0,0,719,19,30000,0,30000
'Simulation 491',3,3,0,0,0.15,1460,696,0,0,752,12,30000,0,30000
'Simulation 492',3,3,0,0,0.15,1480,681,0,0,789,10,30000,0,30000
'Simulation 493',3,3,0,0,0.15,1549,608,0,0,934,7,30000,0,30000
'Simulation 494',3,3,0,0,0.15,1504,747,0,0,749,8,30000,0,30000
'Simulation 495',3,3,0,0,0.15,1448,633,0,0,806,9,30000,0,30000
'Simulation 496',3,3,0,0,0.15,1438,665,0,0,756,17,30000,0,30000
'Simulation 497',3,3,0,0,0.15,1535,656,0,0,866,13,30000,0,30000
'Simulation 498',3,3,0,0,0.15,1541,632,0,0,894,15,30000,0,30000
'Simulation 499',3,3,0,0,0.15,1547,601,0,0,929,17,30000,0,30000
'Simulation 500',3,3,0,0,0.15,1510,681,0,0,813,16,30000,0,30000
'AveragedSim',3,3.0,0.0,0.0,0.15,1505.1,668.35,0.0,0.0,821.7,15.05,30000.0,0.0,30000.0
'Simulation 501',3,3,0,0,0.2,2021,490,0,0,1511,20,30000,0,30000
'Simulation 502',3,3,0,0,0.2,2013,507,0,0,1489,17,30000,0,30000
'Simulation 503',3,3,0,0,0.2,1929,457,0,0,1456,16,30000,0,30000
'Simulation 504',3,3,0,0,0.2,1973,484,0,0,1466,23,30000,0,30000
'Simulation 505',3,3,0,0,0.2,2050,470,0,0,1556,24,30000,0,30000
'Simulation 506',3,3,0,0,0.2,1974,446,0,0,1501,27,30000,0,30000
'Simulation 507',3,3,0,0,0.2,1983,515,0,0,1444,24,30000,0,30000
'Simulation 508',3,3,0,0,0.2,2039,492,0,0,1530,17,30000,0,30000
'Simulation 509',3,3,0,0,0.2,2008,422,0,0,1570,16,30000,0,30000
'Simulation 510',3,3,0,0,0.2,2047,403,0,0,1620,24,30000,0,30000
'Simulation 511',3,3,0,0,0.2,1941,460,0,0,1460,21,30000,0,30000
'Simulation 512',3,3,0,0,0.2,2083,425,0,0,1629,29,30000,0,30000
'Simulation 513',3,3,0,0,0.2,2000,528,0,0,1453,19,30000,0,30000
'Simulation 514',3,3,0,0,0.2,1987,491,0,0,1477,19,30000,0,30000
'Simulation 515',3,3,0,0,0.2,2023,527,0,0,1472,24,30000,0,30000
'Simulation 516',3,3,0,0,0.2,1859,512,0,0,1332,15,30000,0,30000
'Simulation 517',3,3,0,0,0.2,2086,447,0,0,1620,19,30000,0,30000
'Simulation 518',3,3,0,0,0.2,1948,518,0,0,1405,25,30000,0,30000
'Simulation 519',3,3,0,0,0.2,1935,441,0,0,1481,13,30000,0,30000
'Simulation 520',3,3,0,0,0.2,2021,512,0,0,1482,27,30000,0,30000
'AveragedSim',3,3.0,0.0,0.0,0.2,1996.0,477.35,0.0,0.0,1497.7,20.95,30000.0,0.0,30000.0
'Simulation 521',3,3,0,0,0.5,4997,162,0,0,4774,61,30000,0,30000
'Simulation 522',3,3,0,0,0.5,5066,118,0,0,4886,62,30000,0,30000
'Simulation 523',3,3,0,0,0.5,5044,123,0,0,4873,48,30000,0,30000
'Simulation 524',3,3,0,0,0.5,5009,129,0,0,4830,50,30000,0,30000
'Simulation 525',3,3,0,0,0.5,5022,152,0,0,4818,52,30000,0,30000
'Simulation 526',3,3,0,0,0.5,4996,127,0,0,4818,51,30000,0,30000
'Simulation 527',3,3,0,0,0.5,4970,160,0,0,4750,60,30000,0,30000
'Simulation 528',3,3,0,0,0.5,4999,144,0,0,4793,62,30000,0,30000
'Simulation 529',3,3,0,0,0.5,5100,156,0,0,4894,50,30000,0,30000
'Simulation 530',3,3,0,0,0.5,4994,122,0,0,4822,50,30000,0,30000
'Simulation 531',3,3,0,0,0.5,4953,128,0,0,4776,49,30000,0,30000
'Simulation 532',3,3,0,0,0.5,5026,134,0,0,4841,51,30000,0,30000
'Simulation 533',3,3,0,0,0.5,4989,127,0,0,4812,50,30000,0,30000
'Simulation 534',3,3,0,0,0.5,4936,141,0,0,4741,54,30000,0,30000
'Simulation 535',3,3,0,0,0.5,4993,128,0,0,4810,55,30000,0,30000
'Simulation 536',3,3,0,0,0.5,5048,128,0,0,4862,58,30000,0,30000
'Simulation 537',3,3,0,0,0.5,4996,142,0,0,4799,55,30000,0,30000
'Simulation 538',3,3,0,0,0.5,5024,125,0,0,4844,55,30000,0,30000
'Simulation 539',3,3,0,0,0.5,4943,143,0,0,4749,51,30000,0,30000
'Simulation 540',3,3,0,0,0.5,5062,139,0,0,4865,58,30000,0,30000
'AveragedSim',3,3.0,0.0,0.0,0.5,5008.35,136.4,0.0,0.0,4817.85,54.1,30000.0,0.0,30000.0
'Simulation 541',3,4,0,0,0.15,1483,1236,0,0,229,18,40000,0,40000
'Simulation 542',3,4,0,0,0.15,1492,1247,0,0,229,16,40000,0,40000
'Simulation 543',3,4,0,0,0.15,1533,1133,0,0,386,14,40000,0,40000
'Simulation 544',3,4,0,0,0.15,1503,1276,0,0,215,12,40000,0,40000
'Simulation 545',3,4,0,0,0.15,1532,1294,0,0,221,17,40000,0,40000
'Simulation 546',3,4,0,0,0.15,1470,1240,0,0,223,7,40000,0,40000
'Simulation 547',3,4,0,0,0.15,1532,1185,0,0,337,10,40000,0,40000
'Simulation 548',3,4,0,0,0.15,1452,1296,0,0,143,13,40000,0,40000
'Simulation 549',3,4,0,0,0.15,1504,1264,0,0,226,14,40000,0,40000
'Simulation 550',3,4,0,0,0.15,1432,1229,0,0,186,17,40000,0,40000
'Simulation 551',3,4,0,0,0.15,1484,1206,0,0,259,19,40000,0,40000
'Simulation 552',3,4,0,0,0.15,1521,1200,0,0,308,13,40000,0,40000
'Simulation 553',3,4,0,0,0.15,1518,1238,0,0,273,7,40000,0,40000
'Simulation 554',3,4,0,0,0.15,1540,1243,0,0,282,15,40000,0,40000
'Simulation 555',3,4,0,0,0.15,1520,1262,0,0,250,8,40000,0,40000
'Simulation 556',3,4,0,0,0.15,1462,1199,0,0,255,8,40000,0,40000
'Simulation 557',3,4,0,0,0.15,1475,1200,0,0,260,15,40000,0,40000
'Simulation 558',3,4,0,0,0.15,1448,1332,0,0,106,10,40000,0,40000
'Simulation 559',3,4,0,0,0.15,1527,1287,0,0,226,14,40000,0,40000
'Simulation 560',3,4,0,0,0.15,1485,1328,0,0,137,20,40000,0,40000
'AveragedSim',3,4.0,0.0,0.0,0.15,1495.65,1244.75,0.0,0.0,237.55,13.35,40000.0,0.0,40000.0
'Simulation 561',3,4,0,0,0.2,1981,873,0,0,1090,18,40000,0,40000
'Simulation 562',3,4,0,0,0.2,2003,843,0,0,1139,21,40000,0,40000
'Simulation 563',3,4,0,0,0.2,1966,1014,0,0,934,18,40000,0,40000
'Simulation 564',3,4,0,0,0.2,2002,865,0,0,1114,23,40000,0,40000
'Simulation 565',3,4,0,0,0.2,1989,848,0,0,1123,18,40000,0,40000
'Simulation 566',3,4,0,0,0.2,1988,950,0,0,1019,19,40000,0,40000
'Simulation 567',3,4,0,0,0.2,2040,790,0,0,1229,21,40000,0,40000
'Simulation 568',3,4,0,0,0.2,1970,797,0,0,1153,20,40000,0,40000
'Simulation 569',3,4,0,0,0.2,2031,831,0,0,1175,25,40000,0,40000
'Simulation 570',3,4,0,0,0.2,1990,826,0,0,1137,27,40000,0,40000
'Simulation 571',3,4,0,0,0.2,2034,904,0,0,1107,23,40000,0,40000
'Simulation 572',3,4,0,0,0.2,2046,728,0,0,1302,16,40000,0,40000
'Simulation 573',3,4,0,0,0.2,2081,869,0,0,1185,27,40000,0,40000
'Simulation 574',3,4,0,0,0.2,1922,1052,0,0,846,24,40000,0,40000
'Simulation 575',3,4,0,0,0.2,2034,890,0,0,1124,20,40000,0,40000
'Simulation 576',3,4,0,0,0.2,2041,839,0,0,1185,17,40000,0,40000
'Simulation 577',3,4,0,0,0.2,1997,792,0,0,1189,16,40000,0,40000
'Simulation 578',3,4,0,0,0.2,1971,791,0,0,1161,19,40000,0,40000
'Simulation 579',3,4,0,0,0.2,1946,972,0,0,960,14,40000,0,40000
'Simulation 580',3,4,0,0,0.2,2047,873,0,0,1156,18,40000,0,40000
'AveragedSim',3,4.0,0.0,0.0,0.2,2003.95,867.35,0.0,0.0,1116.4,20.2,40000.0,0.0,40000.0
'Simulation 581',3,4,0,0,0.5,4969,263,0,0,4652,54,40000,0,40000
'Simulation 582',3,4,0,0,0.5,4925,239,0,0,4637,49,40000,0,40000
'Simulation 583',3,4,0,0,0.5,4927,231,0,0,4641,55,40000,0,40000
'Simulation 584',3,4,0,0,0.5,5016,219,0,0,4743,54,40000,0,40000
'Simulation 585',3,4,0,0,0.5,4985,263,0,0,4667,55,40000,0,40000
'Simulation 586',3,4,0,0,0.5,4945,268,0,0,4622,55,40000,0,40000
'Simulation 587',3,4,0,0,0.5,5001,211,0,0,4737,53,40000,0,40000
'Simulation 588',3,4,0,0,0.5,5086,234,0,0,4800,52,40000,0,40000
'Simulation 589',3,4,0,0,0.5,4998,270,0,0,4674,54,40000,0,40000
'Simulation 590',3,4,0,0,0.5,4976,224,0,0,4687,65,40000,0,40000
'Simulation 591',3,4,0,0,0.5,4969,230,0,0,4687,52,40000,0,40000
'Simulation 592',3,4,0,0,0.5,5011,245,0,0,4707,59,40000,0,40000
'Simulation 593',3,4,0,0,0.5,5016,238,0,0,4725,53,40000,0,40000
'Simulation 594',3,4,0,0,0.5,5043,231,0,0,4746,66,40000,0,40000
'Simulation 595',3,4,0,0,0.5,5058,240,0,0,4762,56,40000,0,40000
'Simulation 596',3,4,0,0,0.5,4897,239,0,0,4608,50,40000,0,40000
'Simulation 597',3,4,0,0,0.5,4960,279,0,0,4621,60,40000,0,40000
'Simulation 598',3,4,0,0,0.5,5027,217,0,0,4753,57,40000,0,40000
'Simulation 599',3,4,0,0,0.5,4910,260,0,0,4591,59,40000,0,40000
'Simulation 600',3,4,0,0,0.5,5108,247,0,0,4809,52,40000,0,40000
'AveragedSim',3,4.0,0.0,0.0,0.5,4991.35,242.4,0.0,0.0,4693.45,55.5,40000.0,0.0,40000.0
'Simulation 601',3,5,0,0,0.15,1465,1459,0,0,3,3,50000,0,50000
'Simulation 602',3,5,0,0,0.15,1531,1526,0,0,1,4,50000,0,50000
'Simulation 603',3,5,0,0,0.15,1474,1448,0,0,17,9,50000,0,50000
'Simulation 604',3,5,0,0,0.15,1449,1443,0,0,0,6,50000,0,50000
'Simulation 605',3,5,0,0,0.15,1452,1431,0,0,18,3,50000,0,50000
'Simulation 606',3,5,0,0,0.15,1516,1477,0,0,35,4,50000,0,50000
'Simulation 607',3,5,0,0,0.15,1498,1495,0,0,0,3,50000,0,50000
'Simulation 608',3,5,0,0,0.15,1454,1415,0,0,23,16,50000,0,50000
'Simulation 609',3,5,0,0,0.15,1461,1451,0,0,5,5,50000,0,50000
'Simulation 610',3,5,0,0,0.15,1485,1473,0,0,3,9,50000,0,50000
'Simulation 611',3,5,0,0,0.15,1442,1435,0,0,0,7,50000,0,50000
'Simulation 612',3,5,0,0,0.15,1498,1465,0,0,15,18,50000,0,50000
'Simulation 613',3,5,0,0,0.15,1488,1486,0,0,0,2,50000,0,50000
'Simulation 614',3,5,0,0,0.15,1544,1514,0,0,26,4,50000,0,50000
'Simulation 615',3,5,0,0,0.15,1559,1546,0,0,7,6,50000,0,50000
'Simulation 616',3,5,0,0,0.15,1527,1509,0,0,13,5,50000,0,50000
'Simulation 617',3,5,0,0,0.15,1499,1491,0,0,4,4,50000,0,50000
'Simulation 618',3,5,0,0,0.15,1506,1499,0,0,2,5,50000,0,50000
'Simulation 619',3,5,0,0,0.15,1520,1513,0,0,2,5,50000,0,50000
'Simulation 620',3,5,0,0,0.15,1421,1417,0,0,0,4,50000,0,50000
'AveragedSim',3,5.0,0.0,0.0,0.15,1489.45,1474.65,0.0,0.0,8.7,6.1,50000.0,0.0,50000.0
'Simulation 621',3,5,0,0,0.2,2010,1338,0,0,661,11,50000,0,50000
'Simulation 622',3,5,0,0,0.2,2084,1366,0,0,694,24,50000,0,50000
'Simulation 623',3,5,0,0,0.2,1921,1567,0,0,346,8,50000,0,50000
'Simulation 624',3,5,0,0,0.2,1973,1292,0,0,662,19,50000,0,50000
'Simulation 625',3,5,0,0,0.2,1989,1464,0,0,515,10,50000,0,50000
'Simulation 626',3,5,0,0,0.2,2074,1278,0,0,779,17,50000,0,50000
'Simulation 627',3,5,0,0,0.2,2001,1343,0,0,636,22,50000,0,50000
'Simulation 628',3,5,0,0,0.2,1973,1469,0,0,495,9,50000,0,50000
'Simulation 629',3,5,0,0,0.2,2032,1374,0,0,643,15,50000,0,50000
'Simulation 630',3,5,0,0,0.2,2006,1480,0,0,505,21,50000,0,50000
'Simulation 631',3,5,0,0,0.2,2040,1281,0,0,730,29,50000,0,50000
'Simulation 632',3,5,0,0,0.2,1988,1410,0,0,557,21,50000,0,50000
'Simulation 633',3,5,0,0,0.2,1994,1261,0,0,724,9,50000,0,50000
'Simulation 634',3,5,0,0,0.2,2063,1210,0,0,830,23,50000,0,50000
'Simulation 635',3,5,0,0,0.2,2019,1293,0,0,711,15,50000,0,50000
'Simulation 636',3,5,0,0,0.2,1981,1383,0,0,576,22,50000,0,50000
'Simulation 637',3,5,0,0,0.2,2020,1464,0,0,543,13,50000,0,50000
'Simulation 638',3,5,0,0,0.2,2001,1503,0,0,478,20,50000,0,50000
'Simulation 639',3,5,0,0,0.2,2023,1484,0,0,514,25,50000,0,50000
'Simulation 640',3,5,0,0,0.2,2054,1345,0,0,695,14,50000,0,50000
'AveragedSim',3,5.0,0.0,0.0,0.2,2012.3,1380.25,0.0,0.0,614.7,17.35,50000.0,0.0,50000.0
'Simulation 641',3,5,0,0,0.5,5042,352,0,0,4640,50,50000,0,50000
'Simulation 642',3,5,0,0,0.5,4996,326,0,0,4623,47,50000,0,50000
'Simulation 643',3,5,0,0,0.5,4989,376,0,0,4554,59,50000,0,50000
'Simulation 644',3,5,0,0,0.5,4944,425,0,0,4477,42,50000,0,50000
'Simulation 645',3,5,0,0,0.5,4910,346,0,0,4515,49,50000,0,50000
'Simulation 646',3,5,0,0,0.5,5001,463,0,0,4486,52,50000,0,50000
'Simulation 647',3,5,0,0,0.5,4955,372,0,0,4533,50,50000,0,50000
'Simulation 648',3,5,0,0,0.5,5029,384,0,0,4584,61,50000,0,50000
'Simulation 649',3,5,0,0,0.5,4994,349,0,0,4589,56,50000,0,50000
'Simulation 650',3,5,0,0,0.5,5056,369,0,0,4635,52,50000,0,50000
'Simulation 651',3,5,0,0,0.5,4920,467,0,0,4405,48,50000,0,50000
'Simulation 652',3,5,0,0,0.5,4988,387,0,0,4546,55,50000,0,50000
'Simulation 653',3,5,0,0,0.5,5076,386,0,0,4636,54,50000,0,50000
'Simulation 654',3,5,0,0,0.5,4966,398,0,0,4513,55,50000,0,50000
'Simulation 655',3,5,0,0,0.5,4961,390,0,0,4524,47,50000,0,50000
'Simulation 656',3,5,0,0,0.5,5033,455,0,0,4530,48,50000,0,50000
'Simulation 657',3,5,0,0,0.5,5056,369,0,0,4635,52,50000,0,50000
'Simulation 658',3,5,0,0,0.5,5070,449,0,0,4563,58,50000,0,50000
'Simulation 659',3,5,0,0,0.5,4958,345,0,0,4560,53,50000,0,50000
'Simulation 660',3,5,0,0,0.5,5036,384,0,0,4594,58,50000,0,50000
'AveragedSim',3,5.0,0.0,0.0,0.5,4999.0,389.6,0.0,0.0,4557.1,52.3,50000.0,0.0,50000.0
'Simulation 661',3,6,0,0,0.15,1536,1531,0,0,0,5,60000,0,60000
'Simulation 662',3,6,0,0,0.15,1440,1434,0,0,0,6,60000,0,60000
'Simulation 663',3,6,0,0,0.15,1508,1502,0,0,0,6,60000,0,60000
'Simulation 664',3,6,0,0,0.15,1516,1513,0,0,0,3,60000,0,60000
'Simulation 665',3,6,0,0,0.15,1515,1509,0,0,0,6,60000,0,60000
'Simulation 666',3,6,0,0,0.15,1511,1506,0,0,0,5,60000,0,60000
'Simulation 667',3,6,0,0,0.15,1452,1449,0,0,0,3,60000,0,60000
'Simulation 668',3,6,0,0,0.15,1506,1500,0,0,0,6,60000,0,60000
'Simulation 669',3,6,0,0,0.15,1453,1451,0,0,0,2,60000,0,60000
'Simulation 670',3,6,0,0,0.15,1455,1451,0,0,0,4,60000,0,60000
'Simulation 671',3,6,0,0,0.15,1445,1438,0,0,0,7,60000,0,60000
'Simulation 672',3,6,0,0,0.15,1469,1463,0,0,0,6,60000,0,60000
'Simulation 673',3,6,0,0,0.15,1513,1509,0,0,0,4,60000,0,60000
'Simulation 674',3,6,0,0,0.15,1500,1498,0,0,0,2,60000,0,60000
'Simulation 675',3,6,0,0,0.15,1494,1490,0,0,0,4,60000,0,60000
'Simulation 676',3,6,0,0,0.15,1497,1493,0,0,1,3,60000,0,60000
'Simulation 677',3,6,0,0,0.15,1448,1446,0,0,0,2,60000,0,60000
'Simulation 678',3,6,0,0,0.15,1504,1502,0,0,0,2,60000,0,60000
'Simulation 679',3,6,0,0,0.15,1524,1514,0,0,1,9,60000,0,60000
'Simulation 680',3,6,0,0,0.15,1481,1476,0,0,0,5,60000,0,60000
'AveragedSim',3,6.0,0.0,0.0,0.15,1488.35,1483.75,0.0,0.0,0.1,4.5,60000.0,0.0,60000.0
'Simulation 681',3,6,0,0,0.2,2021,1979,0,0,31,11,60000,0,60000
'Simulation 682',3,6,0,0,0.2,2032,2005,0,0,19,8,60000,0,60000
'Simulation 683',3,6,0,0,0.2,2015,1959,0,0,44,12,60000,0,60000
'Simulation 684',3,6,0,0,0.2,2019,2007,0,0,10,2,60000,0,60000
'Simulation 685',3,6,0,0,0.2,2019,1958,0,0,38,23,60000,0,60000
'Simulation 686',3,6,0,0,0.2,1959,1939,0,0,3,17,60000,0,60000
'Simulation 687',3,6,0,0,0.2,1951,1948,0,0,2,1,60000,0,60000
'Simulation 688',3,6,0,0,0.2,2073,2002,0,0,61,10,60000,0,60000
'Simulation 689',3,6,0,0,0.2,2000,1840,0,0,151,9,60000,0,60000
'Simulation 690',3,6,0,0,0.2,1952,1904,0,0,45,3,60000,0,60000
'Simulation 691',3,6,0,0,0.2,2023,1985,0,0,22,16,60000,0,60000
'Simulation 692',3,6,0,0,0.2,2031,1949,0,0,69,13,60000,0,60000
'Simulation 693',3,6,0,0,0.2,2030,2011,0,0,11,8,60000,0,60000
'Simulation 694',3,6,0,0,0.2,1982,1979,0,0,0,3,60000,0,60000
'Simulation 695',3,6,0,0,0.2,2025,1903,0,0,110,12,60000,0,60000
'Simulation 696',3,6,0,0,0.2,1988,1975,0,0,9,4,60000,0,60000
'Simulation 697',3,6,0,0,0.2,2003,1942,0,0,48,13,60000,0,60000
'Simulation 698',3,6,0,0,0.2,1991,1952,0,0,34,5,60000,0,60000
'Simulation 699',3,6,0,0,0.2,2071,2000,0,0,51,20,60000,0,60000
'Simulation 700',3,6,0,0,0.2,1965,1939,0,0,16,10,60000,0,60000
'AveragedSim',3,6.0,0.0,0.0,0.2,2007.5,1958.8,0.0,0.0,38.7,10.0,60000.0,0.0,60000.0
'Simulation 701',3,6,0,0,0.5,4924,580,0,0,4301,43,60000,0,60000
'Simulation 702',3,6,0,0,0.5,5036,558,0,0,4415,63,60000,0,60000
'Simulation 703',3,6,0,0,0.5,5051,561,0,0,4436,54,60000,0,60000
'Simulation 704',3,6,0,0,0.5,5046,579,0,0,4419,48,60000,0,60000
'Simulation 705',3,6,0,0,0.5,4884,625,0,0,4197,62,60000,0,60000
'Simulation 706',3,6,0,0,0.5,5091,556,0,0,4484,51,60000,0,60000
'Simulation 707',3,6,0,0,0.5,5001,613,0,0,4340,48,60000,0,60000
'Simulation 708',3,6,0,0,0.5,4992,626,0,0,4312,54,60000,0,60000
'Simulation 709',3,6,0,0,0.5,4948,671,0,0,4220,57,60000,0,60000
'Simulation 710',3,6,0,0,0.5,5136,551,0,0,4529,56,60000,0,60000
'Simulation 711',3,6,0,0,0.5,5011,522,0,0,4443,46,60000,0,60000
'Simulation 712',3,6,0,0,0.5,5039,594,0,0,4394,51,60000,0,60000
'Simulation 713',3,6,0,0,0.5,4946,561,0,0,4328,57,60000,0,60000
'Simulation 714',3,6,0,0,0.5,5056,695,0,0,4304,57,60000,0,60000
'Simulation 715',3,6,0,0,0.5,5038,567,0,0,4412,59,60000,0,60000
'Simulation 716',3,6,0,0,0.5,4952,522,0,0,4379,51,60000,0,60000
'Simulation 717',3,6,0,0,0.5,5062,552,0,0,4462,48,60000,0,60000
'Simulation 718',3,6,0,0,0.5,5081,668,0,0,4356,57,60000,0,60000
'Simulation 719',3,6,0,0,0.5,5036,578,0,0,4398,60,60000,0,60000
'Simulation 720',3,6,0,0,0.5,5040,595,0,0,4380,65,60000,0,60000
'AveragedSim',3,6.0,0.0,0.0,0.5,5018.5,588.7,0.0,0.0,4375.45,54.35,60000.0,0.0,60000.0
